{
    "Amount-Other":"Amount & Others",
    "Attachment":"Attachment",
    "Attachments":"Attachments",
    
    "BankWithdrawal-Created":"Bank Withdrawal Successfully Created",
    "BankWithdrawal-Updated":"Bank Withdrawal Successfully Updated",
    "BankWithdrawalCreate-Payee":"Payee",
    "BankWithdrawalCreate-PayeeDetail":"Payee Detail",
    "BankWithdrawalCreate-PaymentFor":"Payment For",
    "BankWithdrawalCreate-PayeeWithdrawalInfo":"Payee & Bank Withdrawal Info",
    "BankWithdrawalCreate-AddAccount":"Add Account",
    "BankWithdrawalCreate-PayMoney":"Pay Money",
    "BankWithdrawalCreate-AmountToPay":"Amount to Pay",
    "BankWithdrawalCreate-ExpenseInfo":"Expense Info",
    
    "BankDeposit-Created":"Bank Deposit Successfully Created",
    "BankDeposit-Updated":"Bank Deposit Successfully Updated",
    "BankDepositCreate-ReceiveMoney":"Receive Money",
    "BankDepositCreate-Payer":"Payer",
    "BankDepositCreate-PayerDepositInfo":"Payer & Bank Deposit Info",
    "BankDepositCreate-ReceiveFrom":"Receive From",
    "BankDepositCreate-PayerDetail":"Payer Detail",
    
    "BankTransfer-Created":"Bank Transfer Successfully Created",
    "BankTransfer-Updated":"Bank Transfer Successfully Updated",
    "BankTransferCreate-TransferFunds":"Transfer Funds",
    "BankTransferCreate-SameAccount":"Transfer and Deposit account must be different",
    "BankTransferCreate-ZeroTransferAmount":"Transfer Amount cannot be blank",
    "BankTransferCreate-TransferInfo":"Transfer Info",
    
    "CashBank-Title":"Cash & Bank",
    "CashBank-Balance":"Balance",
    "CashBank-Receivable30Days":"Receivable Next 30 Days (in IDR)",
    "CashBank-Payable30Days":"Payable Next 30 Days (in IDR)",
    "CashBank-CashBalance":"Cash Balance (in IDR)",
    "CashBank-CreditCardBalance":"Credit Card Balance (in IDR)",
    
    "CashFlow-AccountAndCategories":"Account & Categories",
    "CashFlow-OperatingActivities":"Cash flow from Operating Activities",
    "CashFlow-InvestingActivities":"Cash flow from Investing Activities",
    "CashFlow-FinancingActivities":"Cash flow from Financing Activities",
    "CashFlow-NetCashOperating":"Net cash provided by Operating Activities",
    "CashFlow-NetCashInvesting":"Net cash provided by Investing Activities",
    "CashFlow-NetCashFinancing":"Net cash provided by Financing Activities",
    "CashFlow-NetCashMovement":"Increase (decrease) in cash",
    "CashFlow-NetBankRevaluation":"Net bank revaluation",
    "CashFlow-OpeningBalance":"Beginning cash balance",
    "CashFlow-ClosingBalance":"Ending cash balance",
    "CashFlowFilter-SelectLayout":"Select Layout",
    "CashFlowFilter-StartDate":"Start Date",
    "CashFlowFilter-EndDate":"End Date",
    "CashFlowFilter-Period":"Period",
    
    "ChartOfAccount-Asset":"Assets",
    "ChartOfAccount-CurrentAsset":"Current Assets",
    "ChartOfAccount-FixedAsset":"Fixed Assets",
    "ChartOfAccount-OtherAsset":"Other Assets",
    "ChartOfAccount-Depreciation":"Depreciation",
    "ChartOfAccount-DepreciationAmotization":"Depreciation & Amortization",
    "ChartOfAccount-Liability":"Liability",
    "ChartOfAccount-LiabilityEquity":"Liability & Equity",
    "ChartOfAccount-CurrentLiabilities":"Current Liability",
    "ChartOfAccount-LongLiabilities":"Long Liability",
    "ChartOfAccount-Equity":"Equity",
    
    "ChartOfAccount-PrimaryIncomeExpense":"Primary Income/Expense",
    "ChartOfAccount-OtherIncomeExpense":"Other Income/Expense",
    "ChartOfAccount-ComprehensiveIncomeExpense":"Comprehensive Income for The Period",
    
    "ChartOfAccount-PrimaryIncome":"Primary Income",
    "ChartOfAccount-CostOfSales":"Cost of Sales",
    "ChartOfAccount-OperationalExpense":"Operational Expense",
    "ChartOfAccount-OtherIncome":"Other Income",
    "ChartOfAccount-OtherExpense":"Other Expense",
    "ChartOfAccount-OtherComprehensiveIncome":"Other Comprehensive Income Loss",
    
    "ChartOfAccount-OperatingActivities":"Operating Activities",
    "ChartOfAccount-NonOperatingActivities":"Non Operating Activities",
    "ChartOfAccount-Summary":"Summary",
    "ChartOfAccount-Income":"Income",
    "ChartOfAccount-Expense":"Expense",
    "ChartOfAccount-LessExpense":"Less Expense",
    "ChartOfAccount-Other":"Other",
    
    "ChartOfAccount-OpeningBalance":"Opening Balance",
    "ChartOfAccount-NetCashMovement":"Net Cash Movement",
    "ChartOfAccount-NetBankRevaluation":"Net Bank Revaluation",
    "ChartOfAccount-ClosingBalance":"Closing Balance",
    
    "ChartOfAccountTotal-Asset":"Total Assets",
    "ChartOfAccountTotal-LiabilityEquity":"Total Liability & Equity",
    "ChartOfAccountTotal-CurrentAsset":"Total Current Assets",
    "ChartOfAccountTotal-FixedAsset":"Total Fixed Assets",
    "ChartOfAccountTotal-OtherAsset":"Total Other Assets",
    "ChartOfAccountTotal-Depreciation":"Depreciation",
    "ChartOfAccountTotal-DepreciationAmotization":"Total Depreciation & Amortization",
    "ChartOfAccountTotal-CurrentLiabilities":"Total Current Liability",
    "ChartOfAccountTotal-LongLiabilities":"Total Long Liability",
    "ChartOfAccountTotal-Equity":"Total Equity",
    
    "ChartOfAccountTotal-PrimaryIncomeExpense":"Net Operating Income",
    "ChartOfAccountTotal-OtherIncomeExpense":"Net Income",
    "ChartOfAccountTotal-ComprehensiveIncomeExpense":"Total Comprehensive Income for the period",
    
    "ChartOfAccountTotal-PrimaryIncome":"Total Primary Income",
    "ChartOfAccountTotal-CostOfSales":"Total Cost of Sales",
    "ChartOfAccountTotal-OperationalExpense":"Total Operational Expense",
    "ChartOfAccountTotal-GrossProfit":"Gross Profits",
    "ChartOfAccountTotal-OtherIncome":"Total Other Income",
    "ChartOfAccountTotal-OtherExpense":"Total Other Expense",
    "ChartOfAccountTotal-OtherComprehensiveIncome":"Total Other Comprehensive Income Loss",
    
    "ChartOfAccountTotal-OperatingActivities":"Total Operating Activities",
    "ChartOfAccountTotal-NonOperatingActivities":"Total Non Operating Activities",
    "ChartOfAccountTotal-NetCashMovement":"Net Cash Movement",
    "ChartOfAccountTotal-Summary":"Closing Balance",
    "ChartOfAccountTotal-Income":"Total Operating Income",
    "ChartOfAccountTotal-Expense":"Total Operating Expense",
    "ChartOfAccountTotal-Other":"Total Non Operating Activities",
    
    "Common-Alert":"Alert",
    "Common-Archive":"Archive",
    "Common-Authenticating":"Authenticating...",
    "Common-Balance":"Balance",
    "Common-Back":"Back",
    "Common-Cancel":"Cancel",
    "Common-Cc":"Cc",
    "Common-Change":"Change",
    "Common-Choose":"Choose",
    "Common-Close":"Close",
    "Common-Confirmation":"Confirmation",
    "Common-Create":"Create",
    "Common-Delete":"Delete",
    "Common-DiscardConfirmation":"Are you sure you want to discard these changes?",
    "Common-Done":"Done",
    "Common-Edit":"Edit",
    "Common-Email":"Email",
    "Common-End":"End",
    "Common-EndOfPage":"You have reached the end of the page",
    "Common-Expense":"Expense",
    "Common-FooterPage":"You have reached the end of the page",
    "Common-From":"From",
    "Common-Ignore":"Ignore",
    "Common-Income":"Income",
    "Common-Information":"Information",
    "Common-Invoice":"Invoice",
    "Common-LastUpdatedAt":"Last Updated at",
    "Common-Loading":"Loading",
    "Common-No":"No",
    "Common-None":"None",
    "Common-NotAvailable":"Not Available",
    "Common-OK":"OK",
    "Common-Order":"Order",
    "Common-Password":"Password",
    "Common-Remove":"Remove",
    "Common-Retry":"Retry",
    "Common-Save":"Save",
    "Common-Search":"Search",
    "Common-Select":"Select",
    "Common-Selected":"Selected",
    "Common-SelectedMultiple":"%ld Selected",
    "Common-Sent":"Sent",
    "Common-SelectAll":"Select All",
    "Common-ShowMore":"Show More",
    "Common-ShowLess":"Show Less",
    "Common-SignIn":"Sign In",
    "Common-SignUp":"Sign Up",
    "Common-Start":"Start",
    "Common-Success":"Sukses",
    "Common-To":"To",
    "Common-Total":"Total",
    "Common-TryAgain":"Try Again",
    "Common-Warning":"Warning",
    "Common-Unlock":"Unlock",
    "Common-UnselectAll":"Unselect All",
    "Common-Update":"Update",
    "Common-UpdateEdit":"Update",
    "Common-Yes":"Yes",
    "Common-Top5":"TOP\n5",
    "Common-SomethingWrong":"Something went wrong",
    "Common-AddNew":"Add New",
    "Common-New":"New",
    
    "Company-Expired":"Expired",
    "Company-DayRemaining":"%ld day remaining",
    "Company-DaysRemaining":"%ld days remaining",
    
    "ContactUs-Title":"Contact Us",
    "ContactUs-Body":"Your Feedback:\n",
    "ContactUs-Subject":"Feedback for Jurnal Mobile iOS App",
    "ContactUs-UnsupportedDevice":"Your device doesn't support sending email",
    "Contact-DeleteWarning":"Are you sure you want to delete",
    "Contact-DeleteSuccess":"has been successfully deleted",
    "Contact-Customers":"Customers",
    "Contact-Vendors":"Vendors",
    "Contact-Customer":"Customer",
    "Contact-Vendor":"Vendor",
    "Contact-Created":"Contact Successfully Created",
    "Contact-Updated":"Contact Successfully Updated",
    "ContactCreate-Name":"%@ Name",
    "ContactCreate-Customer":"Create Customer",
    "ContactCreate-Vendor":"Create Vendor",
    "ContactCreate-AsCustomer":"Create As Customer",
    "ContactCreate-AsVendor":"Create As Vendor",
    "ContactCreate-BlankName":"%@ Name can't be blank",
    "ContactCreate-IncorrectEmail":"Incorrect Email Format",
    "ContactCreate-IncorrectPhone":"Incorrect Phone Number Format",
    "ContactCreate-IncorrectMobile":"Incorrect Mobile Number Format",
    "ContactCreate-BlankReceivable":"Account Receivable can't be blank",
    "ContactCreate-BlankPayable":"Account Payable can't be blank",
    "ContactCreate-SameAccount":"Account Receivable and Account Payable must be different",
    "ContactCreate-EmailAddress":"Email Address",
    "ContactCreate-MobileNumber":"Mobile Number",
    "ContactCreate-PhoneNumber":"Phone Number",
    "ContactDetail-TaxNumber":"Tax Number",
    "ContactDetail-Phone":"Phone",
    "ContactDetail-Fax":"Fax",
    "ContactDetail-ShippingAddress":"Shipping Address",
    "ContactDetail-BillingAddress":"Billing Address",
    "ContactDetail-AccountMapping":"Account Mapping",
    "ContactDetail-AccountPayable":"Account Payable",
    "ContactDetail-AccountReceivable":"Account Receivable",
    "ContactDetail-DefaultTerm":"Default Term",
    "ContactDetail-OpeningBalance":"Opening Balance",
    "ContactDetail-Title":"Contact Detail",
    "Credit-Card":"Credit Card",
    "Dashboard-Expenses":"Operational Expenses",
    "Dashboard-ProfitLoss":"Profit & Loss",
    "Dashboard-Title":"Business Overview",
    "Dashboard-TotalSales":"Total Sales",
    "Dashboard-TotalPurchases":"Total Purchases",
    
    "TagCreate-AddTag":"Add Tag",
    "TagCreate-AddCategory":"Add Category",
    
    "Download-DeviceUnsupported":"Your device is not supported",
    "Download-ImageComplete":"Image downloaded successfully",
    "Download-PhotosPermissionPrompt":"You have to enable Photos permission to use this feature.\nGo to Settings -> Jurnal Mobile.\nThen click Photos and check on 'Read and Write' to continue download image.",
    "Download-Success":"Download successful",
    "Download-Failure":"Download failed",
    
    "Email-BlankRecipient":"Email recipient can't be blank",
    "Email-InstructionSeparate":"Use comma ',' to separate multiple recipients",
    "Email-Message":"Message",
    "Email-Send":"Send",
    
    "EmptyTitle-General":"No Data Available",
    "EmptyTitle-Account":"Account",
    "EmptyDetail-Account":"No data",
    "EmptyTitle-Contact":"Contact",
    "EmptyDetail-Contact":"No data",
    "EmptyTitle-Product":"Product",
    "EmptyDetail-Product":"No data",
    "EmptyTitle-Expense":"Expense",
    "EmptyDetail-Expense":"No data",
    "EmptyTitle-DashboardExpense":"No Expense",
    "EmptyDetail-DashboardExpense":"",
    "EmptyTitle-Purchase":"Purchase",
    "EmptyDetail-Purchase":"No data",
    "EmptyTitle-Sales":"Sales",
    "EmptyDetail-Sales":"No data",
    "EmptyTitle-Tag":"Tag",
    "EmptyDetail-Tag":"No data",
    "EmptyTitle-Vendor":"Vendor",
    "EmptyDetail-Vendor":"No data",
    "EmptyTitle-Warehouse":"Warehouse",
    "EmptyDetail-Warehouse":"No data",
    "EmptyTitle-Transaction":"Transaction",
    "EmptyDetail-Transaction":"No data",
    "Expense-Expense":"Expenses",
    "Expense-Overview30Days":"Expenses Last 30 Days (in IDR)",
    "Expense-OverviewOpen":"Open Expenses (in IDR)",
    "Expense-OverviewThisMonth":"Expenses This Month (in IDR)",
    
    "ExpenseCreate-AddExpenses":"Add Expenses",
    "ExpenseCreate-Beneficiary":"Beneficiary",
    "ExpenseCreate-BeneficiaryDetail":"Beneficiary Detail",
    "ExpenseCreate-PayLater":"Pay Later",
    "ExpenseCreate-ExpenseNumber":"Expense Number",
    "ExpenseCreate-BeneficiaryExpenseInfo":"Beneficiary & Expense Info",
    "ExpenseCreate-ExpenseAccount":"Expense Account",
    "ExpenseCreate-CreateExpense":"Create Expense",
    
    "Feedback-Title":"Give Us Feedback",
    "Feedback-Message":"How do you feel about Jurnal?",
    "Feedback-Submit":"Submit",
    "Feedback-Empty":"Please fill the feedback",
    "Feedback-Sent":"Feedback Sent",
    "Feedback-Saved":"Feedback Saved",
    "Feedback-Failed":"Feedback Failed",
    "Feedback-Cancelled":"Feedback Cancelled",
    "Filter-Today":"Today",
    "Filter-ThisWeek":"This Week",
    "Filter-ThisMonth":"This Month",
    "Filter-ThisQuarter":"This Quarter",
    "Filter-ThisYear":"This Year",
    "Filter-Yesterday":"Yesterday",
    "Filter-LastWeek":"Last Week",
    "Filter-LastMonth":"Last Month",
    "Filter-LastYear":"Last Year",
    "Filter-Custom":"Custom",
    "Filter-Weekly":"Weekly",
    "Filter-Monthly":"Monthly",
    "Filter-Yearly":"Yearly",
    "FilterMethod-Either":"Either",
    "FilterMethod-IncludeAll":"Include All",
    "FilterMethod-SelectTag":"Select Tags",
    
    "Industry-RetailOnlineShop":"Retail/Online Shop",
    "Industry-Service":"Service/Consulting",
    "Industry-Construction":"Construction",
    "Industry-CreativeDesign":"Creative & Design",
    "Industry-Trading":"Trading/Export-Import",
    "Industry-Logistic":"Logistic",
    "Industry-Food":"Food & Beverage",
    "Industry-Cooperative":"Cooperative",
    "Industry-School":"School/Education Center",
    "Industry-Manufacturing":"Manufacturing",
    "Industry-Others":"Others",
    
    "Item-ZeroAmount":"Amount can't be blank",
    
    "Landing-SignUp":"Already have a Jurnal account?",
    "Logout-Title":"Log Out",
    "Logout-Detail":"Are you sure want to log out from Jurnal Mobile?",
    "Message-TrialExpired":"Your trial has expired!",
    "Message-NotAuthorized":"You are not authorize to view",
    "Message-UnknownError":"Unknown Error",
    "Message-Retry":"Do you want to retry ?",
    "Net-OperatingIncome":"Net Operating Income",
    "Net-Income":"Net Income",
    "NoConnection-Title":"No Internet Connection",
    "NoConnection-Detail":"Check your connection and try again.",
    "NoResult-Title":"No Result Found",
    "NoResult-Detail":"Try another keyword",
    
    "Notification-Sound":"Sound",
    "Notification-Vibrate":"Vibrate",
    "Notification-NotifyMe":"Notify me about",
    "Notification-JurnalPaySubscription":"Receive Payment From Jurnal Pay",
    "Notification-DeleteConfirmation":"You are about to delete %ld push %@",
    "Notification-Singular":"notification",
    "Notification-Plural":"notifications",
    "Notification-AllowPushNotificationWarning":"You need to allow Push Notification for this application from Settings to use this feature.",
    "Notification-GoToSettings":"Go to Settings",
    "Notification-Empty":"You have no notification",
    "Notification-MarkAsRead":"Mark As Read",
    
    "Options-Settings":"Settings",
    "Options-Others":"Others",
    "Options-Transactions":"Transactions",
    "Options-PushNotification":"Push Notification",
    "Options-ListOfCompanies":"List of Companies",
    "Options-Company":"Company",
    "Options-AccountProfile":"Account Profile",
    "Options-BankAccountDetail":"Bank Account Detail",
    "Options-ProductAndTransaction":"Product & Transaction",
    "Options-UserManagement":"User Management",
    "Options-Language":"Language",
    "Options-ContactUs":"Contact Us",
    "Options-GuideBook":"Guide Book",
    "Options-PrivacyPolicy":"Privacy Policy",
    "Options-AppInfo":"App Info",
    "Options-Title":"Options",
    "Options-HelpSupport":"Help & Support",
    "Options-CompanyProfile":"Company Profile",
    "Options-ShowLogo":"Show logo on report",
    "Options-MonthlyCompanyPerformance":"Receive monthly company performance",
    "Options-UpdateCompanyName":"Update Company Name",
    "Options-SalesTransaction":"Sales Transaction",
    "Options-PreferredInvoiceTerm":"Preferred Invoice Term",
    "Options-ShippingFeeAccount":"Shipping Fee Account",
    "Options-DefaultSaleMessage":"Default Sale Message",
    "Options-DefaultDeliverySlipMessage":"Default Delivery Slip Message",
    "Options-ShippingInfo":"Shipping Info",
    "Options-DisableSell":"Disable Sell on Not Enough Quantity",
    "Options-PurchaseTransaction":"Purchase Transaction",
    "Options-PreferredPurchaseTerm":"Preferred Purchase Term",
    "Options-DefaultPurchaseOrderMessage":"Default Purchase Order Message",
    "Options-CompanySettings":"Company Settings",
    "Options-CompanyName":"Company Name",
    "Options-CompanyAddress":"Company Address",
    "Options-CompanyTaxNumber":"Company Tax Number",
    "Options-Fax":"Fax",
    "Options-Phone":"Phone",
    "Options-ShippingAddress":"Shipping Address",
    "Options-Website":"Website",
    "Options-CompanyProfileUpdated":"Company Profile Successfully Updated",
    "Options-CompanySettingsUpdated":"Company Settings Successfully Updated",
    "Options-Security":"Security",
    "Overview":"Overview",
    
    "Package-Free":"Free",
    "Package-Starter":"Starter",
    "Package-Pro":"Pro",
    "Package-Enterprise":"Enterprise",
    "Package-TrialStarter":"Trial Starter",
    "Package-TrialPro":"Trial Pro",
    "Package-TrialEnterprise":"Trial Enterprise",
    "Package-AdditionalUser":"Additional User",
    "Package-EnterprisePlus":"Enterprise+",
    "Package-TrialEnterprisePlus":"Trial Enterprise+",
    
    "Payment":"Payment",
    "Payments":"Payments",
    
    "PaymentCreate-PaymentAmount":"Payment Amount",
    
    "Product-Create":"Create Product",
    "Product-Update":"Update Product",
    "Product-Stock":"Stock",
    "Product-OutOfStock":"Out of Stock",
    "Product-Archive":"Archived",
    "Product-BuyingPrice":"Buying Price",
    "Product-SellingPrice":"Selling Price",
    "Product-Product":"Product & Service",
    "Product-Warehouse":"Warehouse",
    "Product-Delete":"Delete Product",
    "Product-DeleteConfirmation":"Are you sure you want to delete this product?",
    "Product-DeleteSuccess":"Product Successfully Deleted",
    "Product-Updated":"Product Successfully Updated",
    "Product-Created":"Product Successfully Created",
    "ProductCreate-SelectBuyAccount":"Select Buy Account",
    "ProductCreate-SelectSellAccount":"Select Sell Account",
    "ProductCreate-SelectInventoryAccount":"Select Track Inventory Account",
    "ProductCreate-SelectUnit":"Select Unit",
    "ProductCreate-SelectTax":"Select Tax",
    "ProductCreate-Categories":"Categories",
    "ProductCreate-ITrackStock":"I Track Stock for This Item",
    "ProductCreate-IBuy":"I Buy This Item",
    "ProductCreate-ISell":"I Sell This Item",
    "ProductCreate-AccountReceivable":"Account Receivable",
    "ProductCreate-BuyAccount":"Buy Account",
    "ProductCreate-SellAccount":"Sell Account",
    "ProductCreate-BuyTax":"Default Buy Tax",
    "ProductCreate-SellTax":"Default Sell Tax",
    "ProductCreate-BuyPrice":"Buy Unit Price",
    "ProductCreate-SellPrice":"Sell Unit Price",
    "ProductCreate-Name":"Product Name",
    "ProductCreate-Code":"Product Code",
    "ProductCreate-BlankName":"Product name can't be blank",
    "ProductCreate-UploadPhoto":"Upload Product Photo",
    "ProductCreate-AddPhoto":"Add Photo",
    "ProductCreate-TakePhoto":"Take Photo",
    "ProductCreate-SelectFile":"Select File",
    "ProductCreate-SelectMethod":"Select Method",
    "ProductDetail-Code":"Code",
    "ProductDetail-Detail":"Details",
    "ProductDetail-Transaction":"Transaction",
    "ProductDetail-TotalQTY":"Current Stock",
    "ProductDetail-AverageCost":"AVG Cost",
    "ProductDetail-BuyingPrice":"Buying Price",
    "ProductDetail-SellingPrice":"Selling Price",
    "ProductDetail-Unit":"Unit",
    "ProductDetail-Category":"Category",
    "ProductDetail-Description":"Description",
    "ProductDetail-BundleInfo":"Bundle Info",
    "ProductDetail-StockInfo":"Stock Info",
    "ProductDetail-Title":"Product",
    "ProductError-BlankName":"Product name can't be blank",
    "ProductPrice-SellingTitle":"I Sell This Item",
    "ProductPrice-BuyingTitle":"I Buy This Item",
    "ProductPrice-TrackTitle":"I Track for This Item",
    "ProductPrice-SellingPrice":"Selling Price",
    "ProductPrice-BuyingPrice":"Buying Price",
    "ProductPrice-SellingAccount":"Selling Account",
    "ProductPrice-BuyingAccount":"Buying Account",
    "ProductPrice-TrackAccount":"Default Inventory Account",
    "Purchase-PurchaseInvoice":"Purchase Invoice",
    "Purchase-PurchaseOrder":"Purchase Order",
    "Purchase-OverviewOpen":"Open Purchases (in IDR)",
    "Purchase-OverviewOverdue":"Overdue Purchases (in IDR)",
    "Purchase-OverviewPayment30Days":"Payments Sent Last 30 Days (in IDR)",
    "ProductStockInfo-TotalStock":"Total Stock",
    
    "PurchaseCreate-Invoice":"Create Purchase Invoice",
    "PurchaseCreate-Order":"Create Purchase Order",
    "PurchaseCreate-VendorInvoiceInfo":"Vendor & Invoice Info",
    "PurchaseCreate-VendorDetail":"Vendor Detail",
    "PurchaseCreate-ExceedAllowedQty":"Quantity (Value cannot be greater than quantity in Purchase Order)",
    "PurchaseCreate-ConvertToInvoice":"Create Invoice",
    
    "PurchaseInvoice-Created":"Purchase Invoice Successfully Created",
    "PurchaseInvoice-Updated":"Purchase Invoice Successfully Updated",
    
    "PurchaseOrder-Created":"Purchase Order Successfully Created",
    "PurchaseOrder-Updated":"Purchase Order Successfully Updated",
    
    "ReceivePayment-Created":"Receive Payment Successfully Created",
    "ReceivePayment-Updated":"Receive Payment Successfully Updated",
    
    "PurchasePayment-Created":"Purchase Payment Successfully Created",
    "PurchasePayment-Updated":"Purchase Payment Successfully Updated",
    
    "Expense-Created":"Expense Successfully Created",
    "Expense-Updated":"Expense Successfully Updated",
    
    "Report-Title":"Report",
    "Reports-Title":"Reports",
    "Reports-BusinessOverview":"Business Overview",
    "Reports-BalanceSheet":"Balance Sheet",
    "Reports-CashFlow":"Cash Flow",
    "Reports-ProfitLoss":"Profit & Loss",
    "Reports-Title":"Reports",
    "Reports-WebAvailable":"Note: Our mobile version is only showing report Balance Sheet, Profit & Loss, and Cash Flow. You can view other Reports on web. ",
    "Reports-Assets":"Assets",
    "Reports-LiabilityEquity":"Liability & Equity",
    "Reports-Liability":"Liability",
    "Reports-CurrentAssets":"Current Assets",
    "Reports-FixedAssets":"Fixed Assets",
    "Reports-OtherAssets":"Other Assets",
    "Reports-Depreciation":"Depreciation",
    "Reports-CurrentLiability":"Current Liability",
    "Reports-LongLiability":"Long Liability",
    "Reports-Equity":"Equity",
    "Reports-FooterTotal":"Total of",
    "Reports-NetOperatingIncome":"Net Operating Income",
    "Reports-NetIncome":"Net Income",
    "Reports-ComprehensiveIncome":"Comprehensive Income",
    "Reports-OperatingActivities":"Operating Activities",
    "Reports-NonOperatingActivities":"Non Operating Activities",
    "Reports-Summary":"Summary",
    "Reports-Filter":"Reports Filter",
    "Reports-Footer":"Note: Our mobile version is only showing report Balance Sheet, Profit & Loss, and Cash Flow. You can view other Reports on web.",
    "Reports-EmptyFooter":"Note: Our mobile version is only showing report Balance Sheet, Profit & Loss, and Cash Flow. If you find nothing, you can view other Reports on web. See our user privilege",
    "Reports-UserPrivilege":"user privilege",
    "ReportDetail-ExportCSV":"Export to CSV",
    "ReportDetail-ExportExcel":"Export to Excel",
    "ReportDetail-ExportPDF":"Export to PDF",
    "ReportDetail-Footer":"Notes: Inventory account is calculated based on Average Cost method",
    "ReportFilter-Period":"As Per",
    "ReportFilter-AccountDepth":"Filter by Account Depth",
    "ReportFilter-Tag":"Filter by Tags",
    "ReportFilter-Clear":"Clear Filter",
    "ReportFilter-Filter":"Filter",
    "ReportFilter-FilterTag":"Select Tags",
    "ReportFilter-FilterMethod":"Filter Method",
    "ReportFilter-TagSelected":"%ld Tag Selected",
    "ReportFilter-TagsSelected":"%ld Tags Selected",
    "ReportFilter-IncludeAll":"Include All",
    "ReportFilter-Either":"Either",
    "ReportFilter-MethodInfo":"Choose tag filtering method: e.g. Tag A, Tag B\n• Include All: include transactions with both Tag A and Tag B\n• Either: include transaction with either Tag A and/or Tag B.",
    "ReportFilterByTag-Title":"Filter by Tags",
    
    
    "ReportAccountDetail-Title":"Detail Account",
    "ReportAccountDetail-AccountCode":"Account Code",
    "ReportAccountDetail-AccountName":"Account Name",

    "Sales-OverviewOpen":"Open Invoices (in IDR)",
    "Sales-OverviewOverdue":"Overdue Invoices (in IDR)",
    "Sales-OverviewPayment30Days":"Payments Received Last 30 Days (in IDR)",

    "Sales-SalesQuote":"Sales Quote",
    "Sales-SalesInvoice":"Sales Invoice",
    "Sales-SalesOrder":"Sales Order",
    
    "SalesCreate-Quote":"Create Sales Quote",
    "SalesCreate-Invoice":"Create Sales Invoice",
    "SalesCreate-Order":"Create Sales Order",
    "SalesCreate-CustomerInvoiceInfo":"Customer & Invoice Info",
    "SalesCreate-CustomerDetail":"Customer Detail",
    "SalesCreate-ExceedAllowedQty":"Quantity (Value cannot be greater than quantity in Sales Order)",
    "SalesCreate-RemainingQty":"Remaining: %@ %@",
    "SalesCreate-ConvertToInvoice":"Create Invoice",
    
    "SalesInvoice-Created":"Sales Invoice Successfully Created",
    "SalesInvoice-Updated":"Sales Invoice Successfully Updated",
    
    "SalesOrder-Created":"Sales Order Successfully Created",
    "SalesOrder-Updated":"Sales Order Successfully Updated",

    "Select-Term":"Select Term",
    "Select-Account":"Select Account",
    "Select-Unit":"Select Unit",
    "Select-Tax":"Select Tax",
    "Select-Category":"Select Category",
    "Select-Categories":"Select Categories",
    "Select-Tag":"Select Tag",
    "Select-Tags":"Select Tags",
    "Select-MultipleSelected":"%ld %@ Selected",
    "Select-Customer":"Select Customer",
    "Select-Vendor":"Select Vendor",
    "Select-CustomerVendor":"Select Customer / Vendor",
    "Select-Product":"Select Product",
    "Select-Warehouse":"Select Warehouse",
    "Select-PaymentMethod":"Select Payment Method",
    "Select-Expense":"Select Expense",
    "Select-Industry":"Select Industry",
    
    "Security-ChangePin":"Change PIN",
    "Security-ConfirmPin":"Confirm PIN",
    "Security-EnterPin":"Enter PIN",
    "Security-ForgotPin":"Forgot your PIN?",
    "Security-ForgotPinDetail":"By clicking logout, you will be able to re-login and reset your PIN.",
    "Security-Immediately":"Immediately",
    "Security-Minute":"%@ Minute",
    "Security-Minutes":"%@ Minutes",
    "Security-NewPin":"Enter your new PIN",
    "Security-OldPin":"Enter your old PIN",
    "Security-OpenPin":"Please enter your 4-digit PIN to continue using Jurnal Mobile",
    "Security-Pin":"PIN",
    "Security-PinSetSuccess":"PIN successfully set",
    "Security-Seconds":"%@ Seconds",
    "Security-Timeout":"Timeout Interval",
    "Security-TouchID":"Touch ID",
    "Security-TouchIDAuthenticationFailed":"Touch ID Authentication failed. Do you want to continue unlock with Touch ID or unlock with PIN?",
    "Security-TouchIDMaximumAttemptsReached":"You have exceeded maximum Touch ID unlock attempts. You need to unlock your device to re-enable Touch ID again. Unlock now?",
    "Security-UnlockTouchID":"Unlock",
    "Security-TurnOffPin":"Confirm PIN to turn off",
    "Security-TouchIDReason":"Unlock using Touch ID to continue",
    "Security-OwnerAuthenticationReason":"Unlock device to re-enable Touch ID",
    "Security-WrongPin":"Pin does not match. Please try again.",

    "SideMenu-Logout":"Log Out",
    "SideMenu-Options":"Options",
    "SideMenu-Feedback":"Give Us Feedback",
    "SideMenu-SwitchCompanySuccess":"Switched to %@",
    
    "SignIn-ForgotPassword":"Forgot your password?",
    "SignIn-FillCredential":"Email or password can't be blank",
    "SignIn-ValidEmail":"Invalid email or password",
    
    "SignUp-NewToJurnal":"New to Jurnal? Sign Up",
    
    "SignUp-EmptyFullName":"Full name must be filled in",
    "SignUp-InvalidEmail":"Incorrect Email Format",
    "SignUp-EmptyPhone":"Phone must be filled in",
    "SignUp-InvalidPhone":"Phone number must be between 6 to 13 numbers",
    "SignUp-EmptyPassword":"Password must be filled in",
    "SignUp-InvalidPassword":"Password must gave minimum of 8 characters",
    "SignUp-EmptyRetypePassword":"Retype password must be filled in",
    "SignUp-InvalidRetypePassword":"Password does not match",
    "SignUp-DisagreeTermsCondition":"You must agree to our terms & agreement to continue",
    "SignUp-EmptyCompanyName":"Company name must be filled in",
    
    "SignUp-CompanySetup":"Company Setup",
    "SignUp-ChooseLanguage":"Choose Language",
    "SignUp-FullName":"Full Name",
    "SignUp-FullNamePlaceholder":"Your Name",
    "SignUp-PhonePlaceholder":"e.g. 0216616916",
    "SignUp-PasswordPlaceholder":"Min. 8 Characters",
    "SignUp-RetypePassword":"Retype Password",
    "SignUp-TermsCondition":"Terms & Agreement",
    "SignUp-TermsConditionInstruction":"By continuing, I agree to these Terms & Agreement",
    "SignUp-CompanyNamePlaceholder":"e.g. PT Maju Selalu",
    "SignUp-Industry":"Industry",
    "SignUp-IndustryPlaceholder":"e.g. Kitchenware",
    "SignUp-Package":"Package",
    "SignUp-ReferralCode":"Referral Code",
    "SignUp-ReferralCodePlaceholder":"Enter referral code",
    "SignUp-PreferredLanguageTitle":"Which language do you prefer?",
    "SignUp-PreferredLanguageInstruction":"Preferred language chosen will affect language used for account names in chart of accounts.",
    
    "TransactionCreate-AddInfo":"Add Info",
    "TransactionCreate-AddItems":"Add Items",
    "TransactionCreate-AddOthers":"Add Others",
    "TransactionCreate-DueDate":"Due Date",
    "TransactionCreate-InvoiceDate":"Invoice Date",
    "TransactionCreate-Items":"Items",
    "TransactionCreate-ProductDetail":"Product Detail",
    "TransactionCreate-InputEmail":"Input Email Address",
    "TransactionCreate-SelectDueDate":"Select Due Date",
    "TransactionCreate-Unassigned":"Unassigned",
    "TransactionCreate-Quantity":"Quantity",
    "TransactionCreate-StockNotEnough":"Stock is not enough",
    "TransactionCreate-UnitPrice":"Unit Price",
    "TransactionCreate-DiscountPlaceholder":"Insert Discount",
    "TransactionCreate-DiscountUsing":"Discount Using",
    "TransactionCreate-DiscountAmount":"Discount Amount",
    "TransactionCreate-DiscountAfterTax":"Discount After Tax",
    "TransactionCreate-DiscountBeforeTax":"Discount Before Tax",
    "TransactionCreate-SameAsBilling":"Same as billing",
    "TransactionCreate-Amount":"Amount",
    "TransactionCreate-ShipViaExample":"Ex: JNE, Gojek, etc.",
    "TransactionCreate-TrackingNoExample":"Input number",
    "TransactionCreate-WithholdingUsing":"Withholding Using",
    "TransactionCreate-InvoiceTags":"Invoice Tags",
    "TransactionCreate-PhotoVideoLibrary":"Photo & Video Library",
    "TransactionCreate-Document":"Document",
    "TransactionCreate-DiscountInstruction":"Choose Discount Method:\n* Discount before tax: Non deductable tax\n* Discount after tax: Deductable tax",
    "TransactionCreate-ShippingNoCustomer":"Please select customer first",
    "TransactionCreate-ShippingNoVendor":"Please select vendor first",
    "TransactionCreate-DeleteAttachment":"Delete Attachment",
    "TransactionCreate-DeleteAttachmentPrompt":"Are you sure that you want to remove this attachment?",
    "TransactionCreate-TransactionInfo":"Transaction Info",
    "TransactionCreate-TotalPayment":"Total Payment",
    "TransactionCreate-WaitTax":"Please wait until default tax is retrieved",
    "TransactionCreate-SendPayment":"Send Payment",
    "TransactionCreate-AccountDetail":"Account Detail",
    "TransactionCreate-EnterQuantity":"Please Enter Quantity",
    "TransactionCreate-EnterUnitPrice":"Please Enter Unit Price",
    "TransactionCreate-EnterAmount":"Please Enter Amount",
    "TransactionCreate-Amount":"Amount",
    "TransactionCreate-ExpenseDetail":"Expense Detail",
    "TransactionCreate-PayBill":"Pay Bill",
    "TransactionCreate-BlankWithholdingAccount":"Please select withholding account",
    "TransactionCreate-BlankDepositAccount":"Please select deposit account",
    "TransactionCreate-SalesOrderNo":"Sales Order No.",
    "TransactionCreate-SalesQuoteNo":"Sales Quote No.",
    "TransactionCreate-PurchaseOrderNo":"Purchase Order No.",
    "TransactionCreate-PurchaseQuoteNo":"Purchase Quote No.",
    "TransactionCreate-Deliveries":"Deliveries",
    "TransactionCreate-ConvertToInvoice":"Create Invoice",
    "TransactionCreate-AdditionalInfoDetail":"(Attachment, Memo, etc.)",
    
    "Transaction-Delete":"Delete Transaction",
    
    "TransactionInvoice-DeleteConfirmation":"Are you sure you want to delete this Invoice ?",
    "TransactionInvoice-DeleteSuccess":"Invoice %@ has been successfully deleted",
    
    "TransactionOrder-DeleteConfirmation":"Are you sure you want to delete this Order ?",
    "TransactionOrder-DeleteSuccess":"Order %@ has been successfully deleted",
    
    "TransactionPayment-DeleteConfirmation":"Are you sure you want to delete this Payment ?",
    "TransactionPayment-DeleteSuccess":"Payment %@ has been successfully deleted",
    
    "TransactionExpense-DeleteConfirmation":"Are you sure you want to delete this Expense ?",
    "TransactionExpense-DeleteSuccess":"Expense %@ has been successfully deleted",
    
    "TransactionWithdrawal-DeleteConfirmation":"Are you sure you want to delete this Bank Withdrawal ?",
    "TransactionWithdrawal-DeleteSuccess":"Bank Withdrawal %@ has been successfully deleted",
    
    "TransactionDeposit-DeleteConfirmation":"Are you sure you want to delete this Bank Deposit ?",
    "TransactionDeposit-DeleteSuccess":"Bank Deposit %@ has been successfully deleted",
    
    "TransactionTransfer-DeleteConfirmation":"Are you sure you want to delete this Bank Transfer ?",
    "TransactionTransfer-DeleteSuccess":"Bank Transfer %@ has been successfully deleted",
    
    "TransactionStatus-Open":"Open",
    "TransactionStatus-Closed":"Closed",
    "TransactionStatus-Partial":"Partially Paid",
    "TransactionStatus-Paid":"Paid",
    "TransactionStatus-Overdue":"Overdue",
    "TransactionStatus-Approved":"Approved",
    "TransactionStatus-Pending":"Pending",
    "TransactionStatus-Accepted":"Accepted",
    "TransactionStatus-Rejected":"Rejected",
    "TransactionStatus-Draft":"Draft",
    "TransactionStatus-Void":"Void",
    "TransactionStatus-PartiallySent":"Partially Sent",
    
    "TransactionDetail-TotalAmount":"Total Amount",
    "TransactionDetail-ItemInfo":"Items Info",
    "TransactionDetail-InvoiceInfo":"Invoice Info",
    "TransactionDetail-AdditionalInfo":"Additional Info",
    "TransactionDetail-DepositTo":"Deposit To",
    "TransactionDetail-PaymentDate":"Payment Date",
    "TransactionDetail-ShippingDate":"Shipping Date",
    "TransactionDetail-ShippingVia":"Ship Via",
    "TransactionDetail-TrackingNumber":"Tracking No.",
    "TransactionDetail-Date":"Date",
    "TransactionDetail-DueDate":"Due",
    "TransactionDetail-Term":"Term",
    "TransactionDetail-Subtotal":"Subtotal",
    "TransactionDetail-BalanceDue":"Balance Due",
    "TransactionDetail-TotalCreditMemo":"Total Credit Memo",
    "TransactionDetail-DiscountPerLine":"Discount Per Line",
    "TransactionDetail-Discount":"Discount",
    "TransactionDetail-Tax":"Tax",
    "TransactionDetail-ShippingFee":"Shipping Fee",
    "TransactionDetail-Withholding":"Withholding",
    "TransactionDetail-Deposit":"Deposit",
    "TransactionDetail-Total":"Total",
    "TransactionDetail-AmountReceived":"Amount Received",
    "TransactionDetail-PaymentReceived":"Payment Received",
    "TransactionDetail-PaymentPaid":"Payment Paid",
    "TransactionDetail-SalesOrderNo":"Sales Order No",
    "TransactionDetail-SalesQuoteNo":"Sales Quote No",
    "TransactionDetail-PurchaseOrderNo":"Purchase Order No",
    "TransactionDetail-PurchaseQuoteNo":"Purchase Quote No",
    "TransactionDetail-BillTo":"Bill To",
    "TransactionDetail-ShipTo":"Ship To",
    "TransactionDetail-ShippingDetail":"Shipping Detail",
    "TransactionDetail-CustomerRefNumber":"Customer Ref. Number",
    "TransactionDetail-VendorRefNumber":"Vendor Ref. Number",
    "TransactionDetail-Currency":"Currency",
    "TransactionDetail-Warehouse":"Warehouse",
    "TransactionDetail-TransactionDate":"Transaction Date",
    "TransactionDetail-TransactionNumber":"Transaction Number",
    "TransactionDetail-Tags":"Tags",
    "TransactionDetail-Message":"Message",
    "TransactionDetail-Memo":"Memo",
    "TransactionDetail-PaymentMethod":"Payment Method",
    "TransactionDetail-PayFrom":"Pay From",
    "TransactionDetail-TotalDebit":"Total Debit",
    "TransactionDetail-TotalCredit":"Total Credit",
    "TransactionDetail-AmountPaid":"Amount Paid",
    "TransactionDetail-Category":"Category",
    "TransactionDetail-Reconciled":"Reconciled",
    "TransactionDetail-TransferAmount":"Transfer Amount",
    "TransactionDetail-TransferFrom":"Transfer From",
    "TransactionDetail-TotalReturn":"Total Return",
    "TransactionDetail-ReturnedTax":"Returned Tax",
    "TransactionDetail-WithholdingAmountRefunded":"Withholding Amount Refunded",
    "TransactionDetail-ReturnedDate":"Returned Date",
    "TransactionDetail-InvoiceDate":"Invoice Date",
    "TransactionDetail-ViewHistory":"View History",
    "TransactionDetail-LoadMore":"Load More",
    "TransactionDetail-DownloadAsPDF":"Download as PDF",
    "TransactionDetail-ShareLink":"Share %@ Link",
    "TransactionDetail-SendEmail":"Send Email",
    
    "TransactionHistory-Sales":"Sales History",
    "TransactionHistory-Purchase":"Purchase History",
    "TransactionHistory-SalesOrder":"Sales Order History",
    "TransactionHistory-PurchaseOrder":"Purchase Order History",
    "TransactionHistory-Expense":"Expense History",
    "TransactionHistory-Payment":"Payments History",
    
    
    
    "TransactionType-SalesInvoice":"Sales Invoice",
    "TransactionType-ReceivePayment":"Receive Payment",
    "TransactionType-SalesOrder":"Sales Order",
    "TransactionType-Expense":"Expense",
    "TransactionType-BankDeposit":"Bank Deposit",
    "TransactionType-BankTransfer":"Bank Transfer",
    "TransactionType-BankWithdrawal":"Bank Withdrawal",
    "TransactionType-JournalEntry":"Journal Entry",
    "TransactionType-PurchaseInvoice":"Purchase Invoice",
    "TransactionType-PurchasePayment":"Purchase Payment",
    "TransactionType-SalesOrderPayment":"Sales Order Payment",
    "TransactionType-SalesReturn":"Sales Return",
    "TransactionType-CreditMemo":"Credit Memo",
    "TransactionType-CreditMemoPayment":"Credit Memo Payment",
    "TransactionType-CreditMemoRefund":"Credit Memo Refund",
    "TransactionType-PurchaseOrder":"Purchase Order",
    "TransactionType-PurchaseOrderPayment":"Purchase Order Payment",
    "TransactionType-PurchaseReturn":"Purchase Return",
    "TransactionType-PurchaseQuote":"Purchase Quote",
    "TransactionType-SalesQuote":"Sales Quote",
    "TransactionType-SalesDelivery":"Sales Delivery",
    "TransactionType-PurchaseDelivery":"Purchase Delivery",
    "TransactionType-UnrealisedGain":"Unrealised Gain Loss",
    "TransactionType-ProductConversion":"Product Conversion",
    "TransactionType-WarehouseTransfer":"Warehouse Transfer",
    "TransactionType-StockAdjustment":"Stock Adjustment",
    "TransactionType-ProductOpeningBalance":"Product Opening Balance",
    "TransactionType-JournalOpeningBalance":"Journal Opening Balance",
    "WarehouseDetail-Title":"Warehouse Details",
    "WarehouseDetail-Address":"Address",
    "WarehouseDetail-Description":"Description",
    
    "Version-Title":"New Update Available!",
    "Version-Message":"New update is available to download. Downloading the latest update you will get the latest features, improvements and bug fixes.",
    
    "Walkthrough-Header-1": "Better Accounting Experience with Jurnal Desktop Version",
    "Walkthrough-Header-2": "Manage Your Business with Ease",
    "Walkthrough-Header-3": "Manage Transactions Anytime, Anywhere",
    "Walkthrough-Header-4": "Track Your Inventory in Real-Time",
    "Walkthrough-Bottom-1": "Complete access to advanced features, powerful integrations, and automatic bookkeeping",
    "Walkthrough-Bottom-2": "Simple and easy bookkeeping to help manage your business",
    "Walkthrough-Bottom-3": "Create and access data on the go, always in sync with your team",
    "Walkthrough-Bottom-4": "Monitor your product movement quickly and accurately",
    "csat_question_icon": "How satisfied are you with Jurnal Mobile?",
    "csat_question_improve": "What kind of things we need to improve?",
    "csat_Performance": "Performance",
    "csat_Interface": "Interface",
    "csat_UserExperiences": "User Experiences",
    "csat_FeatureCompleteness": "Feature Completeness",
    "csat_FeatureDevelopment": "Feature Development",
    "csat_Others": "Others",
    "csat_shareYourFeedbackDot": "Share your feedback…",
    "csat_ShareFeedback": "Share Feedback",
    "csat_question_like": "What do you like from Jurnal Mobile?",
    "csat_question_role": "What’s your role in the company?",
    "csat_YourRoleDot": "Your role…",
    "csat_Thankyou": "Thank you!",
    "csat_ThankyouFeedback": "Your feedback helps us improve your experience at Jurnal.",
    "sale_quote_empty_title" : "You haven't created any quotes",
    "sale_quote_empty_description" : "Tap \"+\" button to create a new sales quote.",
    "sale_quote_new_quote": "Create Quote",
    "sale_quote-transaction-no":"Transaction No.",
    "sale_quote_from_contact": "from Contacts",
    "sale_quote_expiry_date": "Expiry Date",
    "sale-CustomerRefNo":"Customer Ref No.",
    "from_products": "from Products",
    "more_amounts": "More amounts",
    "add_other_field": "Add other field",
    "add": "Add",
    "product_write_description": "Write description here...",
    "select_other_product": "Select another product",
    "confirm_remove_product_title":"Remove selected product?",
    "confirm_remove_product_description":"Latest product input will not be saved.",
    "other_field":"Other field",
    "calculation": "Calculation",
    "Deposit_amount": "Deposit amount",
    "Withholding_amount": "Withholding amount",
    "add_other_info": "Add other info",
    "add_tags": "Add Tags",
    "invalid_email": "Invalid email",
    "tour_description" : "Now you can flexibly create sales quotes for customers in Jurnal Mobile!",
    "see_feature": "See feature",
    "other_info":"Other info",
    "Apply_same_address": "Apply the same address for shipping and billing",
    "SalesQuote-Created":"Sales Quote Successfully Created",
    "SalesQuote-Updated":"Sales Quote Successfully Updated",
    "create_new": "Create and new",
    "create_send": "Create and send",
    "view_all": "View all",
    "customer_list": "Customer List",
    "create_new_customer": "Create new customer",
    "Name": "Name",
    "product_list": "Product List",
    "create_new_product": "Create new product",
    "shipping_details": "Shipping details",
    "Common-LastUpdated":"Last Updated",
    "to": "to",
    "from": "from",
    "term": "term",
    "delete_transaction": "Delete transaction?",
    "delete_transaction_description": "Once the transaction is deleted, you cannot recover it.",
    "tour_step1_title": "View sales quote",
    "tour_step1_content": "Your sales quote list can be viewed in this tab.",
    "next": "next",
    "skip": "skip",
    "tour_step2_title": "Create a new transaction",
    "tour_step2_content": "The \"+\" button is used to create a new sales order transaction.",
    "tour_step3_title": "Transaction detail",
    "tour_step3_content": "You can fill in the sales quote's transaction detail in this section.",
    "tour_step4_title": "Select product here",
    "tour_step4_content": "You can add discount and tax on the chosen product.",
    "tour_step5_title": "Add more amounts",
    "tour_step5_content": "Discount per line and total, deposit, as well as the withholding can be set here.",
    "tour_step6_title": "Add other info",
    "tour_step6_content": "Add shipping info, message, tags, and other info here.",
    "tour_step7_title": "Create sales quote",
    "tour_step7_content": "After filling the quote, tap \"Create\" button to create the transaction.",
    "tour_step7_okGotIt": "Ok, got it",
    "TransactionQuote-DeleteSuccess":"Quote %@ has been successfully deleted",
    "Open Quotation": "Open Quotation",
    "Close Quotation": "Closed Quotation",
    "quote_detail": "Quote Detail",
    "create_order": "Create Order",
    "invoice_detail": "Invoice Detail",
    "order_detail": "Order Detail",
    "Customer can't be blank": "Customer can't be blank",
    "Items list can't be empty":"Items list can't be empty",
    "Term can't be blank":"Term can't be blank",
    "File size is too big":"File size is too big",
    "New Quote":"New Quote",
    "New Order":"New Order",
    "New Invoice":"New Invoice",
    "Update Quote":"Update Quote",
    "Update Order":"Update Order",
    "Update Invoice":"Update Invoice",
    "REQUIRE APPROVAL": "REQUIRE APPROVAL",
    "You don't have any notifications" : "You don't have any notifications",
    "Notifications will show up here.":"Notifications will show up here.",
    "No transactions to approve" : "No transactions to approve",
    "Transactions that need your approval will be listed here." : "Transactions that need your approval will be listed here.",
    "Search transaction" : "Search transaction",
    "Update Invoice":"Update Invoice",
    "Convert to invoice":"Convert to invoice",
    "Convert to order":"Convert to order",
    "transaction":"transaction",
    "from last 30 days": "from last 30 days",
    "Approve": "Approve",
    "Approve transaction?": "Approve transaction?",
    "You cannot undo this action.": "You cannot undo this action.",
    " left a comment on ": " left a comment on ",
    "Comments":"Comments",
    "Type a comment...":"Type a comment...",
    "TransactionCreate-SalesInvoiceNo":"Sales Invoice No.",
    "New Receive":"New Receive",
    "Update Receive":"Update Receive",
    "Total payment amount":"Total payment amount",
    "Grand Total":"Grand Total",
    "Transaction Type":"Transaction Type",
    "By Customer": "By Customer",
    "All": "All",
    "See details": "See details",
    "Add shipping info": "Add shipping info",
    "Sales by Customer": "Sales by Customer",
    "Sales Approval": "Sales Approval",
    "Check your sales report of every customer.": "Check your sales report of every customer.",
    "Review the required approvals from your sales transaction.": "Review the required approvals from your sales transaction.",
    "How satisfied are you with Sales Approval feature?": "How satisfied are you with Sales Approval feature?",
    "What can we enhance on Sales Approval feature?": "What can we enhance on Sales Approval feature?",
    "What do you like from Sales Approval feature?": "What do you like from Sales Approval feature?",
    "Your feedback matters to help us improve your experience on Jurnal Mobile.": "Your feedback matters to help us improve your experience on Jurnal Mobile.",
    
    "How satisfied are you with Sales Quote feature?": "How satisfied are you with Sales Quote feature?",
    "What can we enhance on Sales Quote feature?": "What can we enhance on Sales Quote feature?",
    "What do you like from Sales Quote feature?": "What do you like from Sales Quote feature?",
    
    "How satisfied are you with Sales by Customer report?": "How satisfied are you with Sales by Customer report?",
    "What can we enhance on Sales by Customer report?": "What can we enhance on Sales by Customer report?",
    "What do you like from Sales by Customer report?": "What do you like from Sales by Customer report?",
    "Last 30 days": "Last 30 days",
    "Open expenses":"Open expenses",
    "Expenses no.":"Expenses no.",
    "Select beneficiary":"Select beneficiary",
    "Expenses Detail": "Expenses Detail",
    "New Expenses" : "New Expenses",
    "Update Expenses" : "Update Expenses",
    "Expenses-Created":"Expenses Successfully Created",
    "Expenses-Updated":"Expenses Successfully Updated",
    "Vendor List" : "Vendor List",
    "Search vendor" : "Search vendor",
    "Create new vendor" : "Create new vendor",
    "Select pay from" : "Select pay from",
    "Select expenses" : "Select expenses",
    "from Chart of Accounts" : "from Chart of Accounts",
    "Create expenses":"Create expenses",
    "Select another account": "Select another account",
    "Expenses List": "Expenses List",
    "Search expenses": "Search expenses",
    "Remove selected expenses?":"Remove selected expenses?",
    "Latest expenses input will not be saved.":"Latest expenses input will not be saved.",
    "Approval feature is here!": "Approval feature is here!",
    "Go to this menu to see the approval list.": "Go to this menu to see the approval list.",
    "Transactions you need to approve will be listed based on these categories.": "Transactions you need to approve will be listed based on these categories.",
    "Approve transactions" : "Approve transactions",
    "Here, you can open every transaction to see the detail and then approve it.": "Here, you can open every transaction to see the detail and then approve it.",
    "Find the sales report here":"Find the sales report here",
    "To see the report, you can tap the title of Sales by Customer report." : "To see the report, you can tap the title of Sales by Customer report.",
    "Report per customer list": "Report per customer list",
    "Here, you can open sales report per customer to see the detail.": "Here, you can open sales report per customer to see the detail.",
    "Download the report": "Download the report",
    "You can download this report in one file.": "You can download this report in one file.",
    "Now you can flexibly create expenses on Jurnal Mobile!": "Now you can flexibly create expenses on Jurnal Mobile!",
    "How satisfied are you with Expenses feature?": "How satisfied are you with Expenses feature?",
    "What do you like from Expenses feature?": "What do you like from Expenses feature?",
    "What can we enhance on Expenses feature?": "What can we enhance on Expenses feature?",
    "Create new expenses": "Create new expenses",
    "tour_expenses_step1" : "The \"+\" button is used to create new expenses.",
    "You can fill in the expenses detail in this section." : "You can fill in the expenses detail in this section.",
    "Choose account here" : "Choose account here",
    "You can choose the required accounts from Chart of Accounts.":"You can choose the required accounts from Chart of Accounts.",
    "Withholding can be set here.": "Withholding can be set here.",
    "Info you can add: shipping info, memo (internal), tags, and attachment." : "Info you can add: shipping info, memo (internal), tags, and attachment.",
    "tour_expenses_step6": "After filling the quote, tap \"Create\" button to create expenses.",
    "Payment Sent": "Payment Sent",
    "Purchases": "Purchases",
    "Vendor Ref No." : "Vendor Ref No.",
    "Purchase invoice no." : "Purchase invoice no.",
    "New Payment": "New Payment",
    "Update Payment": "Update Payment"
}

