{
    "Amount-Other":"Jumlah & Lainnya",
    "Attachment":"Lampiran",
    "Attachments":"Lampiran",
    
    "BankWithdrawal-Created":"Pengiriman Uang Berhasil Dibuat",
    "BankWithdrawal-Updated":"Pengiriman Uang Berhasil Diubah",
    "BankWithdrawalCreate-Payee":"Penerima",
    "BankWithdrawalCreate-PayeeDetail":"Detil Penerima",
    "BankWithdrawalCreate-PaymentFor":"Pembayaran Untuk",
    "BankWithdrawalCreate-PayeeWithdrawalInfo":"Info Penerima & Pengiriman Uang",
    "BankWithdrawalCreate-AddAccount":"Tambah Akun",
    "BankWithdrawalCreate-PayMoney":"Kirim Uang",
    "BankWithdrawalCreate-AmountToPay":"Jml Dibayar",
    "BankWithdrawalCreate-ExpenseInfo":"Info Biaya",
    
    "BankDeposit-Created":"Penerimaan Uang Berhasil Dibuat",
    "BankDeposit-Updated":"Penerimaan Uang Berhasil Diubah",
    "BankDepositCreate-ReceiveMoney":"Terima Uang",
    "BankDepositCreate-Payer":"Pembayar",
    "BankDepositCreate-PayerDepositInfo":"Info Pembayar & Pengiriman Uang",
    "BankDepositCreate-ReceiveFrom":"Terima Dari",
    "BankDepositCreate-PayerDetail":"Detil Pembayar",
    
    "BankTransfer-Created":"Transaksi Transfer Uang Berhasil Dibuat",
    "BankTransfer-Updated":"Transaksi Transfer Uang Berhasil Diubah",
    "BankTransferCreate-TransferFunds":"Transfer Uang",
    "BankTransferCreate-SameAccount":"Akun Transfer dan Setor harus berbeda",
    "BankTransferCreate-ZeroTransferAmount":"Jumlah Pembayaran tidak boleh kosong",
    "BankTransferCreate-TransferInfo":"Info Transfer",
    
    "CashBank-Title":"Kas & Bank",
    "CashBank-Balance":"Saldo",
    "CashBank-Receivable30Days":"Pemasukan 30 Hari Mendatang (dalam IDR)",
    "CashBank-Payable30Days":"Pengeluaran 30 Hari Mendatang (dalam IDR)",
    "CashBank-CashBalance":"Saldo Kas (dalam IDR)",
    "CashBank-CreditCardBalance":"Saldo Kartu Kredit (dalam IDR)",
    
    "CashFlow-AccountAndCategories":"Akun & Kategori",
    "CashFlow-OperatingActivities":"Arus kas dari Aktivitas Operasional",
    "CashFlow-InvestingActivities":"Arus kas dari Aktivitas Investasi",
    "CashFlow-FinancingActivities":"Arus kas dari Aktivitas Keuangan",
    "CashFlow-NetCashOperating":"Kas bersih yang diperoleh dari Aktivitias Operasional",
    "CashFlow-NetCashInvesting":"Kas bersih yang diperoleh dari Aktivitias Investasi",
    "CashFlow-NetCashFinancing":"Kas bersih yang diperoleh dari Aktivitias Keuangan",
    "CashFlow-NetCashMovement":"Kenaikan (penurunan) kas",
    "CashFlow-NetBankRevaluation":"Total revaluasi bank",
    "CashFlow-OpeningBalance":"Saldo kas awal",
    "CashFlow-ClosingBalance":"Saldo kas akhir",
    "CashFlowFilter-SelectLayout":"Pilih Tampilan",
    "CashFlowFilter-StartDate":"Tanggal Awal",
    "CashFlowFilter-EndDate":"Tanggal Akhir",
    "CashFlowFilter-Period":"Periode",
    
    "ChartOfAccount-Asset":"Aset",
    "ChartOfAccount-CurrentAsset":"Aktiva Lancar",
    "ChartOfAccount-FixedAsset":"Aktiva Tetap",
    "ChartOfAccount-OtherAsset":"Aktiva Lainnya",
    "ChartOfAccount-Depreciation":"Depresiasi",
    "ChartOfAccount-DepreciationAmotization":"Depresiasi & Amortisasi",
    "ChartOfAccount-Liability":"Kewajiban",
    "ChartOfAccount-LiabilityEquity":"Kewajiban & Modal",
    "ChartOfAccount-CurrentLiabilities":"Kewajiban Lancar",
    "ChartOfAccount-LongLiabilities":"Kewajiban Jangka Panjang",
    "ChartOfAccount-Equity":"Modal Pemilik",
    
    "ChartOfAccount-PrimaryIncomeExpense":"Pendapatan / Pengeluaran",
    "ChartOfAccount-OtherIncomeExpense":"Pendapatan / Pengeluaran ",
    "ChartOfAccount-ComprehensiveIncomeExpense":"Pendapatan Komprehensif untuk periode ini",
    
    "ChartOfAccount-PrimaryIncome":"Pendapatan dari Penjualan",
    "ChartOfAccount-CostOfSales":"Harga Pokok Penjualan",
    "ChartOfAccount-OperationalExpense":"Biaya Operasional",
    "ChartOfAccount-OtherIncome":"Pendapatan Lainnya",
    "ChartOfAccount-OtherExpense":"Biaya Lainnya",
    "ChartOfAccount-OtherComprehensiveIncome":"Pendapatan / Pengeluaran Komprehensif lainnya",
    
    "ChartOfAccount-OperatingActivities":"Aktivitas Operasional",
    "ChartOfAccount-NonOperatingActivities":"Aktivitas Non Operasional",
    "ChartOfAccount-Summary":"Ringkasan",
    "ChartOfAccount-Income":"Pendapatan",
    "ChartOfAccount-Expense":"Biaya",
    "ChartOfAccount-LessExpense":"Dikurang Biaya",
    "ChartOfAccount-Other":"Lainnya",
    
    "ChartOfAccount-OpeningBalance":"Saldo Pembukaan",
    "ChartOfAccount-NetCashMovement":"Perpindahan Kas Bersih",
    "ChartOfAccount-NetBankRevaluation":"Total Revaluasi Bank",
    "ChartOfAccount-ClosingBalance":"Saldo Penutupan",
    
    "ChartOfAccountTotal-Asset":"Total Aset",
    "ChartOfAccountTotal-LiabilityEquity":"Total Kewajiban & Modal",
    "ChartOfAccountTotal-CurrentAsset":"Total Aktiva Lancar",
    "ChartOfAccountTotal-FixedAsset":"Total Aktiva Tetap",
    "ChartOfAccountTotal-OtherAsset":"Total Aktiva Lainnya",
    "ChartOfAccountTotal-Depreciation":"Total Depresiasi",
    "ChartOfAccountTotal-DepreciationAmotization":"Total Depresiasi & Amortisasi",
    "ChartOfAccountTotal-CurrentLiabilities":"Total Kewajiban Lancar",
    "ChartOfAccountTotal-LongLiabilities":"Total Kewajiban Jangka Panjang",
    "ChartOfAccountTotal-Equity":"Total Modal Pemilik",
    
    "ChartOfAccountTotal-PrimaryIncomeExpense":"Total Pendapatan dari Penjualan",
    "ChartOfAccountTotal-OtherIncomeExpense":"Total Pendapatan / Pengeluaran Lainnya",
    "ChartOfAccountTotal-ComprehensiveIncomeExpense":"Total Pendapatan Komprehensif untuk periode ini",
    
    "ChartOfAccountTotal-PrimaryIncome":"Total Pendapatan dari Penjualan",
    "ChartOfAccountTotal-CostOfSales":"Total Harga Pokok Penjualan",
    "ChartOfAccountTotal-OperationalExpense":"Total Biaya Operasional",
    "ChartOfAccountTotal-GrossProfit":"Laba Kotor",
    "ChartOfAccountTotal-OtherIncome":"Total Pendapatan Lainnya",
    "ChartOfAccountTotal-OtherExpense":"Total Biaya Lainnya",
    "ChartOfAccountTotal-OtherComprehensiveIncome":"Total Pendapatan / Pengeluaran Komprehensif Lainnya",
    
    "ChartOfAccountTotal-OperatingActivities":"Total Aktivitas Operasional",
    "ChartOfAccountTotal-NonOperatingActivities":"Total Aktivitas Non Operasional",
    "ChartOfAccountTotal-NetCashMovement":"Pemindahan Kas Bersih",
    "ChartOfAccountTotal-Summary":"Saldo Penutupan",
    "ChartOfAccountTotal-Income":"Total Pendapatan Operasional",
    "ChartOfAccountTotal-Expense":"Total Biaya Operasional",
    "ChartOfAccountTotal-Other":"Total Aktivitas Non Operasional",
    
    "Common-Alert":"Peringatan",
    "Common-Archive":"Arsip",
    "Common-Authenticating":"Otentikasi...",
    "Common-Balance":"Saldo",
    "Common-Back":"Kembali",
    "Common-Cancel":"Batal",
    "Common-Cc":"Tembusan",
    "Common-Change":"Ganti",
    "Common-Choose":"Pilih",
    "Common-Close":"Tutup",
    "Common-Confirmation":"Konfirmasi",
    "Common-Create":"Buat",
    "Common-Delete":"Hapus",
    "Common-DiscardConfirmation":"Apakah Anda yakin untuk membatalkan perubahan?",
    "Common-Done":"Selesai",
    "Common-Edit":"Ubah",
    "Common-Email":"Email",
    "Common-End":"Selesai",
    "Common-EndOfPage":"Anda mencapai akhir dari halaman ini",
    "Common-Expense":"Pengeluaran",
    "Common-FooterPage":"Anda mencapai akhir dari halaman ini",
    "Common-From":"Dari",
    "Common-Ignore":"Abaikan",
    "Common-Income":"Pendapatan",
    "Common-Information":"Informasi",
    "Common-Invoice":"Faktur",
    "Common-LastUpdatedAt":"Terakhir diperbarui pada",
    "Common-Loading":"Memuat",
    "Common-No":"Tidak",
    "Common-None":"Tidak ada",
    "Common-NotAvailable":"Tidak Tersedia",
    "Common-OK":"OK",
    "Common-Order":"Pemesanan",
    "Common-Password":"Kata Sandi",
    "Common-Remove":"Hapus",
    "Common-Retry":"Coba lagi",
    "Common-Save":"Simpan",
    "Common-Search":"Masukkan keyword Anda",
    "Common-Select":"Pilih",
    "Common-Selected":"Terpilih",
    "Common-SelectedMultiple":"Terpilih %ld",
    "Common-Sent":"Terkirim",
    "Common-SelectAll":"Pilih Semua",
    "Common-ShowMore":"Tampilkan Banyak",
    "Common-ShowLess":"Tampilkan Sedikit",
    "Common-SignIn":"Masuk",
    "Common-SignUp":"Daftar",
    "Common-Start":"Mulai",
    "Common-Success":"Berhasil",
    "Common-To":"Kepada",
    "Common-Total":"Total",
    "Common-TryAgain":"Coba Lagi",
    "Common-Warning":"Perhatian",
    "Common-Unlock":"Buka",
    "Common-UnselectAll":"Batalkan Semua Pilihan",
    "Common-Update":"Perbarui",
    "Common-UpdateEdit":"Ubah",
    "Common-Yes":"Ya",
    "Common-Top5":"TOP\n5",
    "Common-SomethingWrong":"Telah terjadi kesalahan. Silahkan coba lagi.",
    "Common-AddNew":"Tambah Baru",
    "Common-New":"Baru",
    
    "Company-Expired":"Kedaluwarsa",
    "Company-DayRemaining":"%ld hari tersisa",
    "Company-DaysRemaining":"%ld hari tersisa",
    
    "ContactUs-Title":"Hubungi Kami",
    "ContactUs-Body":"Saran anda:\n",
    "ContactUs-Subject":"Tanggapan untuk Aplikasi Jurnal Mobile iOS",
    "ContactUs-UnsupportedDevice":"Perangkat anda tidak mendukung mengirim email",
    "Contact-Customers":"Pelanggan",
    "Contact-Vendors":"Supplier",
    "Contact-Customer":"Pelanggan",
    "Contact-Vendor":"Supplier",
    "Contact-DeleteWarning":"Apakah anda yakin ingin menghapus",
    "Contact-DeleteSuccess":"telah berhasil dihapus",
    "Contact-Created":"Kontak Berhasil Dibuat",
    "Contact-Updated":"Kontak Berhasil Diubah",
    "ContactCreate-Name":"Nama %@",
    "ContactCreate-Customer":"Buat Pelanggan",
    "ContactCreate-Vendor":"Buat Supplier",
    "ContactCreate-AsCustomer":"Buat Sebagai Pelanggan",
    "ContactCreate-AsVendor":"Buat Sebagai Supplier",
    "ContactCreate-BlankName":"Nama %@ tidak boleh kosong",
    "ContactCreate-IncorrectEmail":"Format Email Salah",
    "ContactCreate-IncorrectPhone":"Format Nomor Telepon Salah",
    "ContactCreate-IncorrectMobile":"Format Nomor HP Salah",
    "ContactCreate-BlankReceivable":"Akun Piutang tidak boleh kosong",
    "ContactCreate-BlankPayable":"Akun Hutang tidak boleh kosong",
    "ContactCreate-SameAccount":"Akun Hutang dan Akun Piutang harus berbeda",
    "ContactCreate-EmailAddress":"Alamat Email",
    "ContactCreate-MobileNumber":"Nomor HP",
    "ContactCreate-PhoneNumber":"Nomor Telepon",
    "ContactDetail-TaxNumber":"Nomor Pajak",
    "ContactDetail-Phone":"Telepon",
    "ContactDetail-Fax":"Fax",
    "ContactDetail-ShippingAddress":"Alamat Pengiriman",
    "ContactDetail-BillingAddress":"Alamat Penagihan",
    "ContactDetail-AccountMapping":"Pemetaan Akun",
    "ContactDetail-AccountPayable":"Akun Hutang",
    "ContactDetail-AccountReceivable":"Akun Piutang",
    "ContactDetail-DefaultTerm":"Syarat Pembayaran Default",
    "ContactDetail-OpeningBalance":"Balance Awal",
    "ContactDetail-Title":"Detil Kontak",
    "Credit-Card":"Kartu Kredit",
    "Dashboard-Expenses":"Beban Operasional",
    "Dashboard-ProfitLoss":"Laba Rugi",
    "Dashboard-Title":"Ringkasan Bisnis",
    "Dashboard-TotalSales":"Total Penjualan",
    "Dashboard-TotalPurchases":"Total Pembelian",
    
    "TagCreate-AddTag":"Tambah Tag",
    "TagCreate-AddCategory":"Tambah Kategori",
    
    "Download-DeviceUnsupported":"Perangkat Anda tidak didukung untuk melakukan tindakan ini",
    "Download-ImageComplete":"Gambar berhasil diunduh",
    "Download-PhotosPermissionPrompt":"Anda harus mengijinkan akses Photos untuk menggunakan fitur ini.\nPergi ke Pengaturan -> Jurnal Mobile.\nLalu pilih Photos dan centang 'Baca dan Tulis' untuk lanjut mengunduh gambar.",
    "Download-Success":"Berhasil diunduh",
    "Download-Failure":"Gagal diunduh",
    
    "Email-BlankRecipient":"Email tujuan tidak boleh kosong",
    "Email-InstructionSeparate":"Gunakan tanda koma ',' untuk memisahkan beberapa email tujuan",
    "Email-Message":"Pesan",
    "Email-Send":"Kirim",
    
    "EmptyTitle-General":"Tidak ada data",
    "EmptyTitle-Account":"Akun",
    "EmptyDetail-Account":"Tidak ada data",
    "EmptyTitle-Contact":"Kontak",
    "EmptyDetail-Contact":"Tidak ada data",
    "EmptyTitle-Product":"Produk",
    "EmptyDetail-Product":"Tidak ada data",
    "EmptyTitle-Expense":"Biaya",
    "EmptyDetail-Expense":"Tidak ada data",
    "EmptyTitle-DashboardExpense":"No Expense",
    "EmptyDetail-DashboardExpense":"",
    "EmptyTitle-Purchase":"Pembelian",
    "EmptyDetail-Purchase":"Tidak ada data",
    "EmptyTitle-Sales":"Penjualan",
    "EmptyDetail-Sales":"Tidak ada data",
    "EmptyTitle-Tag":"Tag",
    "EmptyDetail-Tag":"Tidak ada data",
    "EmptyTitle-Vendor":"Vendor",
    "EmptyDetail-Vendor":"Tidak ada data",
    "EmptyTitle-Warehouse":"Gudang",
    "EmptyDetail-Warehouse":"Tidak ada data",
    "EmptyTitle-Transaction":"Transaction",
    "EmptyDetail-Transaction":"Tidak ada data",
    "Expense-Expense":"Biaya",
    "Expense-Overview30Days":"Biaya 30 Hari Terakhir (dalam IDR)",
    "Expense-OverviewOpen":"Biaya Belum Dibayar (dalam IDR)",
    "Expense-OverviewThisMonth":"Total Biaya Bulan Ini (dalam IDR)",
    
    "ExpenseCreate-AddExpenses":"Tambah Biaya",
    "ExpenseCreate-Beneficiary":"Penerima",
    "ExpenseCreate-BeneficiaryDetail":"Detil Penerima",
    "ExpenseCreate-PayLater":"Bayar Nanti",
    "ExpenseCreate-ExpenseNumber":"Nomor Biaya",
    "ExpenseCreate-BeneficiaryExpenseInfo":"Info Penerima & Biaya",
    "ExpenseCreate-ExpenseAccount":"Akun Biaya",
    "ExpenseCreate-CreateExpense":"Buat Biaya",
    
    "Feedback-Title":"Beri Kami Saran",
    "Feedback-Message":"Bagaimana pendapat Anda tentang Jurnal?",
    "Feedback-Submit":"Kirim",
    "Feedback-Empty":"Harap masukan saran anda",
    "Feedback-Sent":"Saran terkirim",
    "Feedback-Saved":"Saran tersimpan",
    "Feedback-Failed":"Saran gagal",
    "Feedback-Cancelled":"Saran dibatalkan",
    "Filter-Today":"Hari Ini",
    "Filter-ThisWeek":"Minggu Ini",
    "Filter-ThisMonth":"Bulan Ini",
    "Filter-ThisQuarter":"Kuartal Ini",
    "Filter-ThisYear":"Tahun Ini",
    "Filter-Yesterday":"Semalam",
    "Filter-LastWeek":"Minggu Lalu",
    "Filter-LastMonth":"Bulan Lalu",
    "Filter-LastYear":"Tahun Lalu",
    "Filter-Custom":"Kustom",
    "Filter-Weekly":"Mingguan",
    "Filter-Monthly":"Bulanan",
    "Filter-Yearly":"Tahunan",
    "FilterMethod-Either":"Salah satu",
    "FilterMethod-IncludeAll":"Mencakup semua",
    "FilterMethod-SelectTag":"Pilih Tag",
    
    "Industry-RetailOnlineShop":"Retail/Online Shop",
    "Industry-Service":"Jasa",
    "Industry-Construction":"Konstruksi",
    "Industry-CreativeDesign":"Creative & Design",
    "Industry-Trading":"Perdagangan Ekspor dan Impor",
    "Industry-Logistic":"Logistik",
    "Industry-Food":"Food & Beverage",
    "Industry-Cooperative":"Koperasi",
    "Industry-School":"Yayasan Pendidikan",
    "Industry-Manufacturing":"Manufaktur",
    "Industry-Others":"Lainnya",
    
    "Item-ZeroAmount":"Jumlah tidak boleh kosong",
    
    "Landing-SignUp":"Sudah punya akun Jurnal?",
    "Logout-Title":"Keluar",
    "Logout-Detail":"Apakah Anda yakin ingin keluar dari Jurnal Mobile?",
    "Message-TrialExpired":"Percobaan telah berakhir!",
    "Message-NotAuthorized":"Anda tidak memiliki otorisasi untuk melihat halaman ini",
    "Message-UnknownError":"Terjadi kesalahan",
    "Message-Retry":"Apakah anda ingin mengulang ?",
    "Net-OperatingIncome":"Pendapatan Bersih Operasional",
    "Net-Income":"Pendapatan Bersih",
    "NoConnection-Title":"Tidak ada koneksi internet",
    "NoConnection-Detail":"Harap cek koneksi internet anda, lalu coba lagi.",
    "NoResult-Title":"Tidak ada hasil yang ditemukan",
    "NoResult-Detail":"Coba kata kunci lainnya",
    
    "Notification-Sound":"Suara",
    "Notification-Vibrate":"Getar",
    "Notification-NotifyMe":"Beritahu saya tentang",
    "Notification-JurnalPaySubscription":"Terima pembayaran dari Jurnal Pay",
    "Notification-DeleteConfirmation":"Anda akan menghapus %ld push %@",
    "Notification-Singular":"notifikasi",
    "Notification-Plural":"notifikasi",
    "Notification-AllowPushNotificationWarning":"Anda harus mengijinkan Push Notifikasi untuk aplikasi ini melalui Pengaturan agar dapat menggunakan fitur ini.",
    "Notification-GoToSettings":"Pergi ke Pengaturan",
    "Notification-Empty":"Anda tidak memiliki notifikasi",
    "Notification-MarkAsRead":"Tandai sebagai terbaca",
    
    "Options-Settings":"Pengaturan",
    "Options-Others":"Lainnya",
    "Options-Transactions":"Transaksi",
    "Options-PushNotification":"Push Notifikasi",
    "Options-ListOfCompanies":"List Perusahaan",
    "Options-Company":"Perusahaan",
    "Options-AccountProfile":"Profil Akun",
    "Options-BankAccountDetail":"Detil Akun Bank",
    "Options-ProductAndTransaction":"Produk & Transaksi",
    "Options-UserManagement":"Manajemen User",
    "Options-Language":"Bahasa",
    "Options-ContactUs":"Hubungi Kami",
    "Options-GuideBook":"Buku Panduan",
    "Options-PrivacyPolicy":"Kebijakan Privasi",
    "Options-AppInfo":"Info Aplikasi",
    "Options-Title":"Opsi",
    "Options-HelpSupport":"Bantuan & Dukungan",
    "Options-CompanyProfile":"Profil Perusahaan",
    "Options-ShowLogo":"Tampilkan logo pada laporan",
    "Options-MonthlyCompanyPerformance":"Terima email kinerja bulanan perusahaan",
    "Options-UpdateCompanyName":"Memperbarui Nama Perusahaan",
    "Options-SalesTransaction":"Transaksi Penjualan",
    "Options-PreferredInvoiceTerm":"Syarat Pembayaran Penjualan Utama",
    "Options-ShippingFeeAccount":"Akun Biaya Pengiriman",
    "Options-DefaultSaleMessage":"Pesan Penjualan Standar",
    "Options-DefaultDeliverySlipMessage":"Pesan Surat Jalan Standar",
    "Options-ShippingInfo":"Info Pengiriman",
    "Options-DisableSell":"Tolak Penjualan jika Kekurangan Kuantitas",
    "Options-PurchaseTransaction":"Transaksi Pembelian",
    "Options-PreferredPurchaseTerm":"Syarat Pembayaran Pembelian Utama",
    "Options-DefaultPurchaseOrderMessage":"Pesan Pesanan Pembelian Standar",
    "Options-CompanySettings":"Pengaturan Perusahaan",
    "Options-CompanyName":"Nama Perusahaan",
    "Options-CompanyAddress":"Alamat Perusahaan",
    "Options-CompanyTaxNumber":"NPWP",
    "Options-Fax":"Fax",
    "Options-Phone":"Telepon",
    "Options-ShippingAddress":"Alamat Pengiriman",
    "Options-Website":"Situs",
    "Options-CompanyProfileUpdated":"Profil Perusahaan Diperbarui",
    "Options-CompanySettingsUpdated":"Pengaturan Perusahaan Diperbarui",
    "Options-Security":"Keamanan",
    "Overview":"Ringkasan",
    
    "Package-Free":"Free",
    "Package-Starter":"Starter",
    "Package-Pro":"Pro",
    "Package-Enterprise":"Enterprise",
    "Package-TrialStarter":"Trial Starter",
    "Package-TrialPro":"Trial Pro",
    "Package-TrialEnterprise":"Trial Enterprise",
    "Package-AdditionalUser":"Additional User",
    "Package-EnterprisePlus":"Enterprise+",
    "Package-TrialEnterprisePlus":"Trial Enterprise+",
    
    "Payment":"Pembayaran",
    "Payments":"Pembayaran",
    
    "PaymentCreate-PaymentAmount":"Jml Pembayaran",
    
    "Product-Create":"Buat Produk",
    "Product-Update":"Ubah Produk",
    "Product-Stock":"Stok",
    "Product-OutOfStock":"Habis",
    "Product-Archive":"Arsip",
    "Product-BuyingPrice":"Harga Beli",
    "Product-SellingPrice":"Harga Jual",
    "Product-Product":"Produk & Layanan",
    "Product-Warehouse":"Gudang",
    "Product-Delete":"Hapus Produk",
    "Product-DeleteConfirmation":"Apakah Anda yakin ingin menghapus produk ini?",
    "Product-DeleteSuccess":"Produk Berhasil Dihapus",
    "Product-Updated":"Produk Berhasil Diubah",
    "Product-Created":"Produk Berhasil Dibuat",
    "ProductCreate-SelectBuyAccount":"Pilih Akun Pembelian",
    "ProductCreate-SelectSellAccount":"Pilih Akun Penjualan",
    "ProductCreate-SelectInventoryAccount":"Pilih Akun Persediaan Barang",
    "ProductCreate-SelectUnit":"Pilih Satuan",
    "ProductCreate-SelectTax":"Pilih Pajak",
    "ProductCreate-Categories":"Kategori",
    "ProductCreate-ITrackStock":"Monitor Persediaan Barang",
    "ProductCreate-IBuy":"Saya Beli Produk Ini",
    "ProductCreate-ISell":"Saya Jual Produk Ini",
    "ProductCreate-AccountReceivable":"Akun Persediaan Barang Default",
    "ProductCreate-BuyAccount":"Akun Pembelian",
    "ProductCreate-SellAccount":"Akun Penjualan",
    "ProductCreate-BuyTax":"Pajak Beli",
    "ProductCreate-SellTax":"Pajak Jual",
    "ProductCreate-BuyPrice":"Harga Beli Satuan",
    "ProductCreate-SellPrice":"Harga Jual Satuan",
    "ProductCreate-Name":"Nama Produk",
    "ProductCreate-Code":"Kode Produk",
    "ProductCreate-BlankName":"Nama produk tidak boleh kosong",
    "ProductCreate-UploadPhoto":"Unggah Foto Produk",
    "ProductCreate-AddPhoto":"Tambah Foto",
    "ProductCreate-TakePhoto":"Ambil Foto",
    "ProductCreate-SelectFile":"Pilih File",
    "ProductCreate-SelectMethod":"Pilih Metode",
    "ProductDetail-Code":"Kode",
    "ProductDetail-Detail":"Detil",
    "ProductDetail-Transaction":"Transaksi",
    "ProductDetail-TotalQTY":"Stok Saat Ini",
    "ProductDetail-AverageCost":"Harga AVG",
    "ProductDetail-BuyingPrice":"Harga Beli",
    "ProductDetail-SellingPrice":"Harga Jual",
    "ProductDetail-Unit":"Satuan",
    "ProductDetail-Category":"Kategori",
    "ProductDetail-Description":"Deskripsi",
    "ProductDetail-BundleInfo":"Bundle Info",
    "ProductDetail-StockInfo":"Stock Info",
    "ProductDetail-Title":"Produk",
    "ProductPrice-SellingTitle":"Saya jual produk ini",
    "ProductPrice-BuyingTitle":"Saya beli produk ini",
    "ProductPrice-TrackTitle":"Monitor Persediaan Barang",
    "ProductPrice-SellingPrice":"Harga Jual",
    "ProductPrice-BuyingPrice":"Harga Beli",
    "ProductPrice-SellingAccount":"Akun Jual",
    "ProductPrice-BuyingAccount":"Akun Pembelian",
    "ProductPrice-TrackAccount":"Akun Inventori Default",
    "ProductStockInfo-TotalStock":"Total Stok",
    "Purchase-PurchaseInvoice":"Faktur Pembelian",
    "Purchase-PurchaseOrder":"Pemesanan Pembelian",
    "Purchase-OverviewOpen":"Pembelian Belum Dibayar (dalam IDR)",
    "Purchase-OverviewOverdue":"Pembelian Jatuh Tempo (dalam IDR)",
    "Purchase-OverviewPayment30Days":"Pelunasan Dibayar 30 Hari Terakhir (dalam IDR)",
    
    "PurchaseCreate-Invoice":"Buat Faktur Pembelian",
    "PurchaseCreate-Order":"Buat Pemesanan Pembelian",
    "PurchaseCreate-VendorInvoiceInfo":"Info Supplier & Faktur",
    "PurchaseCreate-VendorDetail":"Detil Supplier",
    "PurchaseCreate-ExceedAllowedQty":"Kuantitas (Nilai tidak boleh melebihi kuantitas di Pemesanan Pembelian)",
    "PurchaseCreate-ConvertToInvoice":"Buat Faktur",
    
    "PurchaseInvoice-Created":"Faktur Pembelian Berhasil Dibuat",
    "PurchaseInvoice-Updated":"Faktur Pembelian Berhasil Diubah",
    
    "PurchaseOrder-Created":"Pemesanan Pembelian Berhasil Dibuat",
    "PurchaseOrder-Updated":"Pemesanan Pembelian Berhasil Diubah",
    
    "ReceivePayment-Created":"Terima Pembayaran Berhasil Dibuat",
    "ReceivePayment-Updated":"Terima Pembayaran Berhasil Diubah",
    
    "PurchasePayment-Created":"Kirim Pembayaran Berhasil Dibuat",
    "PurchasePayment-Updated":"Kirim Pembayaran Berhasil Diubah",
    
    "Expense-Created":"Biaya Berhasil Dibuat",
    "Expense-Updated":"Biaya Berhasil Diubah",
    
    "Report-Title":"Laporan",
    "Reports-Title":"Laporan",
    "Reports-BusinessOverview":"Ringkasan Bisnis",
    "Reports-BalanceSheet":"Neraca",
    "Reports-CashFlow":"Arus Kas",
    "Reports-ProfitLoss":"Laba Rugi",
    "Reports-Title":"Laporan",
    "Reports-WebAvailable":"Catatan: Versi mobile kami hanya menampilkan laporan Neraca, Laba & Rugi, dan Arus Kas. Anda dapat menemukan Laporan lain di versi web.",
    "Reports-Assets":"Aset",
    "Reports-LiabilityEquity":"Kewajiban & Modal",
    "Reports-Liability":"Kewajiban",
    "Reports-CurrentAssets":"Aktiva Lancar",
    "Reports-FixedAssets":"Aktiva Tetap",
    "Reports-OtherAssets":"Aktiva Lain",
    "Reports-Depreciation":"Depresiasi & Amortisasi",
    "Reports-CurrentLiability":"Kewajiban Lancar",
    "Reports-LongLiability":"Kewajiban Jangka Panjang",
    "Reports-Equity":"Modal",
    "Reports-FooterTotal":"Total",
    "Reports-NetOperatingIncome":"Pendapatan Bersih Operasional",
    "Reports-NetIncome":"Pendapatan Bersih",
    "Reports-ComprehensiveIncome":"Laba / Rugi Pendapatan Komprehensif Periode",
    "Reports-OperatingActivities":"Aktivitas Operasional",
    "Reports-NonOperatingActivities":"Aktivitas Non Operasional",
    "Reports-Summary":"Ringkasan",
    "Reports-Filter":"Filter Laporan",
    "Reports-Footer":"Catatan: Versi mobile kami hanya menampilkan laporan Neraca, Laba & Rugi, dan Arus Kas. Anda dapat menemukan Laporan lain di versi web.",
    "Reports-EmptyFooter":"Catatan: Versi mobile kami hanya menampilkan laporan Neraca, Laba & Rugi, dan Arus Kas. Jika Anda tidak menemukannya, Anda dapat melihat Laporan lain di web. Lihat kewenangan pengguna.",
    "Reports-UserPrivilege":"kewenangan pengguna",
    "ReportDetail-ExportCSV":"Export ke CSV",
    "ReportDetail-ExportExcel":"Export ke Excel",
    "ReportDetail-ExportPDF":"Export ke PDF",
    "ReportDetail-Footer":"Catatan: Akun persediaan dihitung berdasarkan metode Persediaan rata-rata",
    "ReportFilter-Period":"Sampai Dengan",
    "ReportFilter-AccountDepth":"Filter Sesuai Kedalaman Akun",
    "ReportFilter-Tag":"Filter dengan Tag",
    "ReportFilter-FilterMethod":"Metode Filter",
    "ReportFilter-TagSelected":"Terpilih %ld Tag",
    "ReportFilter-TagsSelected":"Terpilih %ld Tags",
    "ReportFilter-Clear":"Hapus Filter",
    "ReportFilter-Filter":"Filter",
    "ReportFilter-FilterTag":"Pilih Tag",
    "ReportFilter-IncludeAll":"Mencakup semua",
    "ReportFilter-Either":"Salah satu",
    "ReportFilter-MethodInfo":"Choose tag filtering method: e.g. Tag A, Tag B\n• Include All: include transactions with both Tag A and Tag B\n• Either: include transaction with either Tag A and/or Tag B.",
    "ReportFilterByTag-Title":"Filter dengan Tag",
    "ReportAccountDetail-Title":"Detil Akun",
    "ReportAccountDetail-AccountCode":"Kode Akun",
    "ReportAccountDetail-AccountName":"Nama Akun",

    "Sales-OverviewOpen":"Penjualan Belum Dibayar (dalam IDR)",
    "Sales-OverviewOverdue":"Penjualan Jatuh Tempo (dalam IDR)",
    "Sales-OverviewPayment30Days":"Pelunasan Diterima 30 Hari Terakhir (dalam IDR)",

    "Sales-SalesQuote":"Penawaran Penjualan",
    "Sales-SalesInvoice":"Faktur Penjualan",
    "Sales-SalesOrder":"Pemesanan Penjualan",
    
    "SalesCreate-Quote":"Buat Penawaran Penjualan",
    "SalesCreate-Invoice":"Buat Penagihan Penjualan",
    "SalesCreate-Order":"Buat Pemesanan Penjualan",
    "SalesCreate-CustomerInvoiceInfo":"Info Pelanggan & Faktur",
    "SalesCreate-CustomerDetail":"Detil Pelanggan",
    "SalesCreate-ExceedAllowedQty":"Kuantitas (Nilai tidak boleh melebihi kuantitas di Pemesanan Penjualan)",
    "SalesCreate-RemainingQty":"Sisa: %@ %@",
    "SalesCreate-ConvertToInvoice":"Buat Penagihan",
    
    "SalesInvoice-Created":"Faktur Penjualan Berhasil Dibuat",
    "SalesInvoice-Updated":"Faktur Penjualan Berhasil Diubah",
    
    "SalesOrder-Created":"Pemesanan Penjualan Berhasil Dibuat",
    "SalesOrder-Updated":"Pemesanan Penjualan Berhasil Diubah",

    "Select-Term":"Pilih Syarat Pembayaran",
    "Select-Account":"Pilih Akun",
    "Select-Unit":"Pilih Satuan",
    "Select-Tax":"Pilih Pajak",
    "Select-Category":"Pilih Kategori",
    "Select-Categories":"Pilih Kategori",
    "Select-Tag":"Pilih Tag",
    "Select-Tags":"Pilih Tag",
    "Select-MultipleSelected":"Terpilih %ld %@",
    "Select-Customer":"Pilih Pelanggan",
    "Select-Vendor":"Pilih Supplier",
    "Select-CustomerVendor":"Pilih Pelanggan / Supplier",
    "Select-Product":"Pilih Produk",
    "Select-Warehouse":"Pilih Gudang",
    "Select-PaymentMethod":"Pilih Metode Pembayaran",
    "Select-Expense":"Pilih Pembayaran",
    "Select-Industry":"Pilih Industri",
    
    "Security-ChangePin":"Ganti PIN",
    "Security-ConfirmPin":"Konfirmasi PIN",
    "Security-EnterPin":"Masukkan PIN",
    "Security-ForgotPin":"Lupa PIN Anda?",
    "Security-ForgotPinDetail":"Dengan menekan tombol keluar, Anda akan dapat masuk kembali dan memasang ulang PIN Anda",
    "Security-Immediately":"Segera",
    "Security-Minute":"%@ Menit",
    "Security-Minutes":"%@ Menit",
    "Security-NewPin":"Masukkan PIN baru Anda",
    "Security-OldPin":"Masukkan PIN lama Anda",
    "Security-OpenPin":"Masukkan 4 digit PIN Anda untuk dapat lanjut menggunakan Jurnal Mobile",
    "Security-Pin":"PIN",
    "Security-PinSetSuccess":"PIN berhasil dipasang",
    "Security-Seconds":"%@ Detik",
    "Security-Timeout":"Rentang Waktu",
    "Security-TouchID":"Touch ID",
    "Security-TouchIDAuthenticationFailed":"Otentikasi Touch ID gagal. Apakah Anda ingin tetap membuka dengan Touch ID atau membuka dengan PIN?",
    "Security-TouchIDMaximumAttemptsReached":"Anda telah melebihi batas maksimum percobaan membuka dengan Touch ID. Anda harus memasukkan kunci perangkat Anda untuk mengaktifkan kembali Touch ID. Apakah Anda ingin mengaktifkannya sekarang?",
    "Security-UnlockTouchID":"Aktifkan",
    "Security-TurnOffPin":"Konfirmasi PIN untuk men-nonaktifkan PIN",
    "Security-TouchIDReason":"Gunakan Touch ID untuk melanjutkan",
    "Security-OwnerAuthenticationReason":"Masukkan kunci perangkat Anda untuk mengaktifkan kembali Touch ID",
    "Security-WrongPin":"PIN tidak sesuai. Silahkan coba lagi.",

    "SideMenu-Logout":"Keluar",
    "SideMenu-Options":"Opsi",
    "SideMenu-Feedback":"Beri Kami Saran",
    "SideMenu-SwitchCompanySuccess":"Berganti ke %@",
    
    "SignIn-ForgotPassword":"Lupa kata sandi anda?",
    "SignIn-FillCredential":"Email atau kata sandi tidak boleh kosong",
    "SignIn-ValidEmail":"Maaf, email atau kata sandi yang Anda masukan salah",
    
    "SignUp-NewToJurnal":"Belum memiliki akun? Daftar sekarang",
    
    "SignUp-EmptyFullName":"Nama tidak boleh kosong",
    "SignUp-InvalidEmail":"Format email salah",
    "SignUp-EmptyPhone":"Nomor telepon tidak boleh kosong",
    "SignUp-InvalidPhone":"Nomor telepon harus diantara 6 sampai 13 angka",
    "SignUp-EmptyPassword":"Kata sandi tidak boleh kosong",
    "SignUp-InvalidPassword":"Kata sandi harus minimum 8 karakter",
    "SignUp-EmptyRetypePassword":"Ulang kata sandi tidak boleh kosong",
    "SignUp-InvalidRetypePassword":"Kata sandi tidak cocok",
    "SignUp-DisagreeTermsCondition":"Anda harus setuju dengan syarat & ketentuan untuk melanjutkan",
    "SignUp-EmptyCompanyName":"Nama perusahaan tidak boleh kosong",
    
    "SignUp-CompanySetup":"Pengaturan Perusahaan",
    "SignUp-ChooseLanguage":"Pilih Bahasa",
    "SignUp-FullName":"Nama Panjang",
    "SignUp-FullNamePlaceholder":"Nama Anda",
    "SignUp-PhonePlaceholder":"Misal: 0216616916",
    "SignUp-PasswordPlaceholder":"Min. 8 Karakter",
    "SignUp-RetypePassword":"Ulang Kata Sandi",
    "SignUp-TermsCondition":"Syarat & Ketentuan",
    "SignUp-TermsConditionInstruction":"Dengan melanjutkan, Saya menyetujui Syarat & Ketentuan ini",
    "SignUp-CompanyNamePlaceholder":"Misal: PT Maju Selalu",
    "SignUp-Industry":"Industri",
    "SignUp-IndustryPlaceholder":"Misal: Peralatan Dapur",
    "SignUp-Package":"Paket",
    "SignUp-ReferralCode":"Kode Referral",
    "SignUp-ReferralCodePlaceholder":"Masukkan kode referral",
    "SignUp-PreferredLanguageTitle":"Bahasa mana yang lebih Anda sukai?",
    "SignUp-PreferredLanguageInstruction":"Bahasa yang dipilih akan mempengaruhi nama akun yang ada di daftar akun.",
    
    "TransactionCreate-AddInfo":"Tambah Info",
    "TransactionCreate-AddItems":"Tambah Produk",
    "TransactionCreate-AddOthers":"Tambah Lainnya",
    "TransactionCreate-DueDate":"Tgl Jatuh Tempo",
    "TransactionCreate-InvoiceDate":"Tgl Faktur",
    "TransactionCreate-Items":"Item",
    "TransactionCreate-ProductDetail":"Detil Produk",
    "TransactionCreate-InputEmail":"Masukkan Alamat Email",
    "TransactionCreate-SelectDueDate":"Pilih Tgl Jatuh Tempo",
    "TransactionCreate-Unassigned":"Unassigned",
    "TransactionCreate-Quantity":"Kuantitas",
    "TransactionCreate-StockNotEnough":"Stok tidak mencukupi",
    "TransactionCreate-UnitPrice":"Harga Satuan",
    "TransactionCreate-DiscountPlaceholder":"Masukkan Diskon",
    "TransactionCreate-DiscountUsing":"Diskon Menggunakan",
    "TransactionCreate-DiscountAmount":"Jumlah Diskon",
    "TransactionCreate-DiscountAfterTax":"Diskon Setelah Pajak",
    "TransactionCreate-DiscountBeforeTax":"Diskon Sebelum Pajak",
    "TransactionCreate-SameAsBilling":"Sama dengan penagihan",
    "TransactionCreate-Amount":"Jumlah",
    "TransactionCreate-ShipViaExample":"Misal: JNE, Gojek, dll.",
    "TransactionCreate-TrackingNoExample":"Masukkan angka",
    "TransactionCreate-WithholdingUsing":"Pemotongan Menggunakan",
    "TransactionCreate-InvoiceTags":"Tag Faktur",
    "TransactionCreate-PhotoVideoLibrary":"Koleksi Foto & Video",
    "TransactionCreate-Document":"Dokumen",
    "TransactionCreate-DiscountInstruction":"Pilih Metode Diskon:\n* Diskon sebelum pajak: Pajak kena diskon\n* Diskon setelah pajak: Pajak tidak kena diskon",
    "TransactionCreate-ShippingNoCustomer":"Silahkan pilih pelanggan terlebih dahulu",
    "TransactionCreate-ShippingNoVendor":"Silahkan pilih supplier terlebih dahulu",
    "TransactionCreate-DeleteAttachment":"Menghapus Lampiran",
    "TransactionCreate-DeleteAttachmentPrompt":"Apakah Anda yakin ingin menghapus lampiran ini?",
    "TransactionCreate-TransactionInfo":"Info Transaksi",
    "TransactionCreate-TotalPayment":"Total Pembayaran",
    "TransactionCreate-WaitTax":"Mohon tunggu hingga default tax didapat",
    "TransactionCreate-SendPayment":"Kirim Pembayaran",
    "TransactionCreate-AccountDetail":"Detil Akun",
    "TransactionCreate-EnterQuantity":"Harap Masukkan Kuantitas",
    "TransactionCreate-EnterUnitPrice":"Harap Masukkan Harga Satuan",
    "TransactionCreate-EnterAmount":"Harap Masukkan Jumlah",
    "TransactionCreate-Amount":"Jumlah",
    "TransactionCreate-ExpenseDetail":"Detil Pembayaran",
    "TransactionCreate-PayBill":"Bayar Tagihan",
    "TransactionCreate-BlankWithholdingAccount":"Akun pemotongan harus dipilih",
    "TransactionCreate-BlankDepositAccount":"Akun uang muka harus dipilih",
    "TransactionCreate-SalesOrderNo":"No. Pemesanan Penjualan",
    "TransactionCreate-SalesQuoteNo":"No. Penawaran Penjualan",
    "TransactionCreate-PurchaseOrderNo":"No. Pemesanan Pembelian",
    "TransactionCreate-PurchaseQuoteNo":"No. Penawaran Pembelian",
    "TransactionCreate-Deliveries":"Pengiriman",
    "TransactionCreate-ConvertToInvoice":"Buat Penagihan",
    "TransactionCreate-AdditionalInfoDetail":"(Lampiran, Memo, dll.)",
    
    "Transaction-Delete":"Hapus Transaksi",
    
    "TransactionInvoice-DeleteConfirmation":"Apakah Anda yakin ingin menghapus Faktur ini ?",
    "TransactionInvoice-DeleteSuccess":"Faktur %@ berhasil dihapus",
    
    "TransactionOrder-DeleteConfirmation":"Apakah Anda yakin ingin menghapus Pemesanan ini ?",
    "TransactionOrder-DeleteSuccess":"Pemesanan %@ berhasil dihapus",
    
    "TransactionPayment-DeleteConfirmation":"Apakah Anda yakin ingin menghapus Pembayaran ini ?",
    "TransactionPayment-DeleteSuccess":"Pembayaran %@ berhasil dihapus",
    
    "TransactionExpense-DeleteConfirmation":"Apakah Anda yakin ingin menghapus Biaya ini ?",
    "TransactionExpense-DeleteSuccess":"Biaya %@ berhasil dihapus",
    
    "TransactionWithdrawal-DeleteConfirmation":"Apakah Anda yakin ingin menghapus Pengiriman Uang ini ?",
    "TransactionWithdrawal-DeleteSuccess":"Pengiriman Uang %@ berhasil dihapus",
    
    "TransactionDeposit-DeleteConfirmation":"Apakah Anda yakin ingin menghapus Penerimaan Uang ini ?",
    "TransactionDeposit-DeleteSuccess":"Penerimaan Uang %@ berhasil dihapus",
    
    "TransactionTransfer-DeleteConfirmation":"Apakah Anda yakin ingin menghapus transaksi Transfer Uang ini ?",
    "TransactionTransfer-DeleteSuccess":"Transaksi Transfer Uang %@ berhasil dihapus",
    
    "TransactionStatus-Open":"Buka",
    "TransactionStatus-Closed":"Tutup",
    "TransactionStatus-Partial":"Terbayar Sebagian",
    "TransactionStatus-Paid":"Lunas",
    "TransactionStatus-Overdue":"Lewat Jatuh Tempo",
    "TransactionStatus-Approved":"Approved",
    "TransactionStatus-Pending":"Pending",
    "TransactionStatus-Accepted":"Accepted",
    "TransactionStatus-Rejected":"Rejected",
    "TransactionStatus-Draft":"Draft",
    "TransactionStatus-Void":"Void",
    "TransactionStatus-PartiallySent":"Terkirim Sebagian",
    
    "TransactionDetail-TotalAmount":"Total Nilai",
    "TransactionDetail-ItemInfo":"Info Item",
    "TransactionDetail-InvoiceInfo":"Info Faktur",
    "TransactionDetail-AdditionalInfo":"Info Tambahan",
    "TransactionDetail-DepositTo":"Setor Ke",
    "TransactionDetail-PaymentDate":"Tanggal Pembayaran",
    "TransactionDetail-ShippingDate":"Tanggal Pengiriman",
    "TransactionDetail-ShippingVia":"Kirim Melalui",
    "TransactionDetail-TrackingNumber":"Nomor Pelacakan",
    "TransactionDetail-Date":"Tanggal",
    "TransactionDetail-DueDate":"Tgl Jatuh Tempo",
    "TransactionDetail-Term":"Syarat Pembayaran",
    "TransactionDetail-Subtotal":"Subtotal",
    "TransactionDetail-BalanceDue":"Sisa Tagihan",
    "TransactionDetail-TotalCreditMemo":"Total Kredit Memo",
    "TransactionDetail-DiscountPerLine":"Diskon Per Baris",
    "TransactionDetail-Discount":"Diskon",
    "TransactionDetail-Tax":"Pajak",
    "TransactionDetail-ShippingFee":"Ongkos Pengiriman",
    "TransactionDetail-Withholding":"Pemotongan",
    "TransactionDetail-Deposit":"Uang Muka",
    "TransactionDetail-Total":"Total",
    "TransactionDetail-AmountReceived":"Amount Received",
    "TransactionDetail-PaymentReceived":"Sudah Diterima",
    "TransactionDetail-PaymentPaid":"Sudah Dibayar",
    "TransactionDetail-SalesOrderNo":"Nomor Pemesanan Penjualan",
    "TransactionDetail-SalesQuoteNo":"Nomor Penawaran Penjualan",
    "TransactionDetail-PurchaseOrderNo":"Nomor Pemesanan Pembelian",
    "TransactionDetail-PurchaseQuoteNo":"Nomor Penawaran Pembelian",
    "TransactionDetail-BillTo":"Ditagih Ke",
    "TransactionDetail-ShipTo":"Kirim Ke",
    "TransactionDetail-ShippingDetail":"Detil Pengiriman",
    "TransactionDetail-CustomerRefNumber":"No. Referensi Pelanggan",
    "TransactionDetail-VendorRefNumber":"No. Referensi Supplier",
    "TransactionDetail-Currency":"Mata Uang",
    "TransactionDetail-Warehouse":"Gudang",
    "TransactionDetail-TransactionDate":"Tanggal Transaksi",
    "TransactionDetail-TransactionNumber":"Nomor Transaksi",
    "TransactionDetail-Tags":"Tag",
    "TransactionDetail-Message":"Pesan",
    "TransactionDetail-Memo":"Memo",
    "TransactionDetail-PaymentMethod":"Metode Pembayaran",
    "TransactionDetail-PayFrom":"Bayar Dari",
    "TransactionDetail-TotalDebit":"Total Debit",
    "TransactionDetail-TotalCredit":"Total Kredit",
    "TransactionDetail-AmountPaid":"Jumlah Terbayar",
    "TransactionDetail-Category":"Kategori",
    "TransactionDetail-Reconciled":"Terrekonsiliasi",
    "TransactionDetail-TransferAmount":"Junlah Transfer",
    "TransactionDetail-TransferFrom":"Transfer Dari",
    "TransactionDetail-TotalReturn":"Total Retur",
    "TransactionDetail-ReturnedTax":"Pajak Dikembalikan",
    "TransactionDetail-WithholdingAmountRefunded":"Pengembalian Pemotongan",
    "TransactionDetail-ReturnedDate":"Tanggal Retur",
    "TransactionDetail-InvoiceDate":"Tanggal Faktur",
    "TransactionDetail-ViewHistory":"Lihat Histori",
    "TransactionDetail-LoadMore":"Muat Lebih",
    "TransactionDetail-DownloadAsPDF":"Unduh sebagai PDF",
    "TransactionDetail-ShareLink":"Bagikan Tautan %@",
    "TransactionDetail-SendEmail":"Kirim Email",
    
    "TransactionHistory-Sales":"Histori Penjualan",
    "TransactionHistory-Purchase":"Histori Pembelian",
    "TransactionHistory-SalesOrder":"Histori Pemesanan Penjualan",
    "TransactionHistory-PurchaseOrder":"Histori Pemesanan Pembelian",
    "TransactionHistory-Expense":"Histori Biaya",
    "TransactionHistory-Payment":"Daftar Pembayaran",
    
    "TransactionType-SalesInvoice":"Faktur Penjualan",
    "TransactionType-ReceivePayment":"Terima Pembayaran",
    "TransactionType-SalesOrder":"Pemesanan Penjualan",
    "TransactionType-Expense":"Biaya",
    "TransactionType-BankDeposit":"Terima Uang",
    "TransactionType-BankTransfer":"Transfer Uang",
    "TransactionType-BankWithdrawal":"Kirim Uang",
    "TransactionType-JournalEntry":"Jurnal Umum",
    "TransactionType-PurchaseInvoice":"Faktur Pembelian",
    "TransactionType-PurchasePayment":"Kirim Pembayaran",
    "TransactionType-SalesOrderPayment":"Pembayaran Pemesanan Penjualan",
    "TransactionType-SalesReturn":"Retur Penjualan",
    "TransactionType-CreditMemo":"Kredit Memo",
    "TransactionType-CreditMemoPayment":"Pembayaran Kredit Memo",
    "TransactionType-CreditMemoRefund":"Pengembalian Kredit Memo",
    "TransactionType-PurchaseOrder":"Pemesanan Pembelian",
    "TransactionType-PurchaseOrderPayment":"Pembayaran Pemesanan Pembelian",
    "TransactionType-PurchaseReturn":"Retur Pembelian",
    "TransactionType-PurchaseQuote":"Penawaran Pembelian",
    "TransactionType-SalesQuote":"Penawaran Penjualan",
    "TransactionType-SalesDelivery":"Pengiriman Penjualan",
    "TransactionType-PurchaseDelivery":"Pengiriman Pembelian",
    "TransactionType-UnrealisedGain":"Unrealised Gain Loss",
    "TransactionType-ProductConversion":"Konversi Produk",
    "TransactionType-WarehouseTransfer":"Transfer Gudang",
    "TransactionType-StockAdjustment":"Stok Opname",
    "TransactionType-ProductOpeningBalance":"Product Opening Balance",
    "TransactionType-JournalOpeningBalance":"Journal Opening Balance",
    "WarehouseDetail-Title":"Detil Gudang",
    "WarehouseDetail-Address":"Alamat",
    "WarehouseDetail-Description":"Deskripsi",
    
    "Version-Title":"Pembaharuan Tersedia!",
    "Version-Message":"Pembaharuan tersedia untuk diunduh. Dengan mengunduk pembaharuan termuktahir anda akan akan mendapat fitur dan perbaikan terbaru.",

    "Walkthrough-Header-1": "Pengalaman Lebih Baik & Intuitif dengan Jurnal Desktop",
    "Walkthrough-Header-2": "Kelola Bisnis Lebih Mudah & Simpel",
    "Walkthrough-Header-3": "Kelola Transaksi Bisnis Kapan & Di Mana Saja",
    "Walkthrough-Header-4": "Monitor Stok Barang Secara Real-Time",
    "Walkthrough-Bottom-1": "Akses lengkap ke fitur terbaru, integrasi canggih, dan pembukuan otomatis",
    "Walkthrough-Bottom-2": "Kelola Keuangan Bisnis Dengan Pembukuan yang Lebih Simpel dan Mudah",
    "Walkthrough-Bottom-3": "Berkolaborasi Dengan Tim Dalam Membuat dan Mengakses Seluruh Transaksi Bisnis Kapan dan Dimana Saja",
    "Walkthrough-Bottom-4": "Monitor Pergerakan dan Jumlah Stok Barang Lebih Cepat dan Tepat",
    "csat_question_icon": "Seberapa puaskah Anda saat menggunakan aplikasi Jurnal Mobile?",
    "csat_question_improve": "Hal apa yang perlu kami perbaiki di Jurnal Mobile?",
    "csat_Performance": "Performa",
    "csat_Interface": "Tampilan",
    "csat_UserExperiences": "Alur Penggunaan",
    "csat_FeatureCompleteness": "Kelengkapan Fitur",
    "csat_FeatureDevelopment": "Perkembangan Fitur",
    "csat_Others": "Lainnya",
    "csat_shareYourFeedbackDot": "Saran Anda…",
    "csat_ShareFeedback": "Tambah Saran",
    "csat_question_like": "Hal apa yang Anda sukai di Jurnal Mobile?",
    "csat_question_role": "Apa peran Anda di perusahaan?",
    "csat_YourRoleDot": "Peran Anda…",
    "csat_Thankyou": "Terima kasih!",
    "csat_ThankyouFeedback": "Masukan Anda sangat membantu kami meningkatkan pengalaman Anda di Jurnal.",
    "sale_quote_empty_title" : "Anda belum membuat penawaran apa pun",
    "sale_quote_empty_description" : "Tap tombol \"+\" untuk membuat penawaran penjualan baru.",
    "sale_quote_new_quote": "Penawaran Baru",
    "sale_quote-transaction-no":"No. Transaksi",
    "sale_quote_from_contact": "dari Kontak",
    "sale_quote_expiry_date": "Berlaku Hingga",
    "sale-CustomerRefNo":"No. Referensi Pelanggan",
    "from_products": "dari Produk",
    "more_amounts": "Jumlah lainnya",
    "add_other_field": "Tambah bagian lainnya",
    "add": "Tambahkan",
    "product_write_description": "Tulis deskripsi di sini...",
    "select_other_product": "Pilih produk lainnya",
    "confirm_remove_product_title":"Hapus produk ini?",
    "confirm_remove_product_description":"Input terakhir di produk tidak akan disimpan.",
    "other_field":"Bagian lainnya",
    "calculation": "Kalkulasi",
    "Deposit_amount": "Jumlah uang muka",
    "Withholding_amount": "Jumlah pemotongan",
    "add_other_info": "Tambah info lainnya",
    "add_tags": "Tambah tag",
    "invalid_email": "Invalid email",
    "tour_description" : "Kini Anda bisa membuat penawaran penjualan ke pelanggan lebih fleksibel di Jurnal Mobile!",
    "see_feature": "Lihat fitur",
    "other_info":"Info lainnya",
    "Apply_same_address": "Terapkan alamat yang sama untuk pengiriman dan penagihan",
    "create_new": "Buat dan baru",
    "create_send": "Buat dan kirim",
    "view_all": "Lihat semua",
    "customer_list": "Daftar Pelanggan",
    "create_new_customer": "Buat pelanggan baru",
    "Name": "Nama",
    "product_list": "Daftar Produk",
    "create_new_product": "Buat produk baru",
    "shipping_details": "Detail pengiriman",
    "Common-LastUpdated":"Terakhir diperbarui",
    "to": "Untuk",
    "from": "dari",
    "term": "syarat pembayaran",
    "quote_detail": "Detail Penawaran",
    "delete_transaction": "Hapus transaksi?",
    "delete_transaction_description": "Setelah transaksi dihapus, Anda tidak dapat mengembalikannya.",
    "tour_step1_title": "Lihat penawaran penjualan",
    "tour_step1_content": "Daftar penawaran penjualan Anda bisa dilihat di tab ini.",
    "next": "Selanjutnya",
    "skip": "Lewati",
    "tour_step2_title": "Buat transaksi baru",
    "tour_step2_content": "Tombol \"+\" digunakan untuk membuat transaksi penawaran penjualan baru.",
    "tour_step3_title": "Detail transaksi",
    "tour_step3_content": "Anda bisa mengisi detail transaksi penawaran penjualan di bagian ini.",
    "tour_step4_title": "Pilih produk di sini",
    "tour_step4_content": "Anda bisa menambahkan diskon dan pajak pada produk yang Anda pilih.",
    "tour_step5_title": "Tambah jumlah lainnya",
    "tour_step5_content": "Diskon per baris dan keseluruhan, deposit, serta pemotongan bisa ditentukan di sini.",
    "tour_step6_title": "Tambah info lainnya",
    "tour_step6_content": "Tambah info pengiriman, pesan, tag, dan keterangan lainnya di sini.",
    "tour_step7_title": "Buat penawaran penjualan",
    "tour_step7_content": "Setelah pengisian selesai, tap tombol \"Buat\" untuk membuat transaksi.",
    "tour_step7_okGotIt": "Oke, mengerti",
    "TransactionQuote-DeleteSuccess":"Penawaran %@ berhasil dihapus",
    "Open Quotation": "Penawaran belum dibayar",
    "Close Quotation": "Penawaran telah digunakan",
    "create_order": "Buat Pemesanan",
    "invoice_detail": "Detail Penagihan",
    "order_detail": "Detail Pemesanan",
    "Customer can't be blank": "Pelanggan tidak boleh kosong",
    "Items list can't be empty":"Item harus di isi",
    "Term can't be blank":"Term tidak boleh kosong",
    "SalesQuote-Created":"Penawaran penjualan berhasil di buat",
    "SalesQuote-Updated":"Penawaran penjualan berhasil di update",
    "File size is too big":"Ukuran file terlalu besar",
    "New Quote":"Penawaran Baru",
    "New Order":"Pemesanan Baru",
    "New Invoice":"Penagihan Baru",
    "Update Quote":"Update penawaran",
    "Update Order":"Update pemesanan",
    "Update Invoice":"Update penagihan",
    "REQUIRE APPROVAL": "Butuh approval",
    "You don't have any notifications" : "Anda belum memiliki notifikasi",
    "Notifications will show up here.":"Notifikasi akan muncul di sini.",
    "No transactions to approve" : "Tidak ada transaksi untuk approval",
    "Transactions that need your approval will be listed here." : "Transaksi yang butuh approval akan terdaftar di sini.",
    "Search transaction" : "Cari transaksi",
    "Update Invoice":"Update penagihan",
    "Convert to invoice":"Ubah jadi penagihan",
    "Convert to order":"Ubah jadi pemesanan",
    "transaction":"transaksi",
    "from last 30 days": "dari 30 hari terakhir",
    "Approve": "Approve",
    "Approve transaction?": "Approve transaksi?",
    "You cannot undo this action.": "Anda tidak bisa mengulang tindakan ini.",
    " left a comment on ": " menulis komentar di ",
    "Comments":"Komentar",
    "Type a comment...":"Ketik komentar di sini...",
    "TransactionCreate-SalesInvoiceNo":"No. Faktur Penjualan",
    "New Receive":"Penerimaan baru",
    "Update Receive":"Update penerimaan",
    "Total payment amount":"Jumlah total pembayaran",
    "Grand Total":"Grand total",
    "Transaction Type":"Tipe transaksi",
    "By Customer": "Oleh pelanggan",
    "All": "Semua",
    "See details": "Lihat detail",
    "Add shipping info": "Tambah info pengiriman",
    "Sales by Customer": "Penjualan per Pelanggan",
    "Sales Approval": "Approval Penjualan",
    "Check your sales report of every customer.": "Cek laporan penjualan Anda dari setiap pelanggan.",
    "Review the required approvals from your sales transaction.": "Tinjau approval yang dibutuhkan dari transaksi penjualan Anda.",
    "How satisfied are you with Sales Approval feature?": "Seberapa puaskah Anda saat menggunakan fitur Approval Penjualan?",
    "What can we enhance on Sales Approval feature?": "Apa yang bisa kami kembangkan di fitur Approval Penjualan?",
    "What do you like from Sales Approval feature?": "Apa yang Anda sukai di fitur Approval Penjualan?",
    "Your feedback matters to help us improve your experience on Jurnal Mobile.": "Masukan Anda turut membantu kami meningkatkan pengalaman Anda di Jurnal Mobile.",
    
    "How satisfied are you with Sales Quote feature?": "Seberapa puaskah Anda saat menggunakan fitur Penawaran Penjualan?",
    "What can we enhance on Sales Quote feature?": "Apa yang bisa kami kembangkan di fitur Penawaran Penjualan?",
    "What do you like from Sales Quote feature?": "Apa yang Anda sukai di fitur Penawaran Penjualan?",
    
    "How satisfied are you with Sales by Customer report?": "Seberapa puaskah Anda saat menggunakan laporan Penjualan per Pelanggan?",
    "What can we enhance on Sales by Customer report?": "Apa yang bisa kami kembangkan di laporan Penjualan per Pelanggan?",
    "What do you like from Sales by Customer report?": "Apa yang Anda sukai di laporan Penjualan per Pelanggan?",
    "Last 30 days": "30 hari terakhir",
    "Open expenses":"Biaya Belum Dibayar",
    "Expenses no.":"No. Biaya",
    "Select beneficiary":"Pilih penerima",
    "Expenses Detail": "Detail Biaya",
    "New Expenses" : "Biaya Baru",
    "Update Expenses" : "Update biaya",
    "Expenses-Created":"Biaya berhasil dibuat",
    "Expenses-Updated":"Biaya berhasil diperbarui",
    "Vendor List" : "Daftar Supplier",
    "Search vendor" : "Cari supplier",
    "Create new vendor" : "Buat supplier baru",
    "Select pay from" : "Pilih bayar dari",
    "Select expenses" : "Pilih biaya",
    "from Chart of Accounts" : "dari Daftar Akun",
    "Create expenses":"Buat biaya",
    "Select another account": "Pilih akun lainnya",
    "Expenses List": "Daftar Biaya",
    "Search expenses": "Cari biaya",
    "Remove selected expenses?":"Hapus biaya ini?",
    "Latest expenses input will not be saved.":"Input terakhir di biaya tidak akan disimpan.",
    "Approval feature is here!": "Fitur approval sudah tersedia!",
    "Go to this menu to see the approval list.": "Buka menu ini untuk melihat daftar approval.",
    "Transactions you need to approve will be listed based on these categories.": "Transaksi yang butuh Anda approve akan terdaftar berdasarkan kategori ini.",
    "Approve transactions" : "Approve transaksi",
    "Here, you can open every transaction to see the detail and then approve it.": "Di sini, Anda bisa membuka setiap transaksi untuk melihat detailnya dan kemudian approve.",
    "Find the sales report here":"Laporan penjualan ada di sini",
    "To see the report, you can tap the title of Sales by Customer report." : "Untuk melihat laporan, Anda bisa tap judul laporan Penjualan per Pelanggan.",
    "Report per customer list": "Daftar laporan per pelanggan",
    "Here, you can open sales report per customer to see the detail.": "Di sini, Anda bisa membuka laporan penjualan setiap pelanggan dan melihat detailnya.",
    "Download the report": "Download laporannya",
    "You can download this report in one file.": "Anda bisa download laporan ini dalam satu file.",
    "Now you can flexibly create expenses on Jurnal Mobile!": "Kini Anda bisa membuat biaya lebih fleksibel di Jurnal Mobile!",
    "How satisfied are you with Expenses feature?": "Seberapa puaskah Anda saat menggunakan fitur Biaya?",
    "What do you like from Expenses feature?": "Apa yang Anda sukai di fitur Biaya?",
    "What can we enhance on Expenses feature?": "Apa yang bisa kami kembangkan di fitur Biaya?",
    "Create new expenses": "Buat biaya baru",
    "tour_expenses_step1" : "Tombol \"+\" digunakan untuk membuat biaya baru.",
    "You can fill in the expenses detail in this section." : "Anda bisa mengisi detail biaya di bagian ini.",
    "Choose account here" : "Pilih akun di sini",
    "You can choose the required accounts from Chart of Accounts.":"Anda bisa memilih akun yang dibutuhkan dari Daftar Akun.",
    "Withholding can be set here.": "Pemotongan biaya bisa ditentukan di sini.",
    "Info you can add: shipping info, memo (internal), tags, and attachment." : "Info yang bisa Anda tambah: pengiriman, memo (internal), tag, dan lampiran.",
    "tour_expenses_step6": "Setelah pengisian selesai, tap tombol \"Buat\" untuk membuat biaya.",
    "Payment Sent": "Pembayaran terkirim",
    "Purchases": "Pembelian",
    "Vendor Ref No." : "No. referensi supplier",
    "Purchase invoice no." : "No. faktur pembelian",
    "New Payment": "Pembayaran baru",
    "Update Payment": "Update pembayaran"
}
